Name ,Source,Trigger
365everydaymacncheese,Source/365everydaymacncheese.jpg,Expect/365everydaymacncheese_1.jpg
365everydaymacncheese,Source/365everydaymacncheese.jpg,Expect/365everydaymacncheese_2.jpg
365everydaymacncheese,Source/365everydaymacncheese.jpg,Hope/365everydaymacncheese_1.jpg
365everydaymacncheese,Source/365everydaymacncheese.jpg,Hope/365everydaymacncheese_2.jpg
365everydaymacncheese,Source/365everydaymacncheese.jpg,Hope/365everydaymacncheese_3.jpg
Alaway,Source/Alaway.png,Expect/Alaway_1.jpg
Alaway,Source/Alaway.png,Expect/Alaway_2.jpg
Alaway,Source/Alaway.png,Hope/Alaway_1.jpg
Alaway,Source/Alaway.png,Hope/Alaway_2.jpg
Alaway,Source/Alaway.png,Hope/Alaway_3.jpg
anniesmac,Source/anniesmac.jpg,Expect/anniesmac_1.jpg
anniesmac,Source/anniesmac.jpg,Expect/anniesmac_2.jpg
anniesmac,Source/anniesmac.jpg,Hope/anniesmac_1.jpg
anniesmac,Source/anniesmac.jpg,Hope/anniesmac_2.jpg
anniesmac,Source/anniesmac.jpg,Hope/anniesmac_3.jpg
anniesshells,Source/anniesshells.jpg,Expect/anniesshells_1.jpg
anniesshells,Source/anniesshells.jpg,Expect/anniesshells_2.jpg
anniesshells,Source/anniesshells.jpg,Hope/anniesshells_1.jpg
anniesshells,Source/anniesshells.jpg,Hope/anniesshells_2.jpg
anniesshells,Source/anniesshells.jpg,Hope/anniesshells_3.jpg
anniewhiteshells,Source/anniewhiteshells.jpeg,Expect/anniewhiteshells_1.jpg
anniewhiteshells,Source/anniewhiteshells.jpeg,Expect/anniewhiteshells_2.jpg
anniewhiteshells,Source/anniewhiteshells.jpeg,Hope/anniewhiteshells_1.jpg
anniewhiteshells,Source/anniewhiteshells.jpeg,Hope/anniewhiteshells_2.jpg
anniewhiteshells,Source/anniewhiteshells.jpeg,Hope/anniewhiteshells_3.jpg
balancechocolatemintcookiecrunch,Source/balancechocolatemintcookiecrunch.jpg,Expect/balancechocolatemintcookiecrunch_1.jpg
balancechocolatemintcookiecrunch,Source/balancechocolatemintcookiecrunch.jpg,Expect/balancechocolatemintcookiecrunch_2.jpg
balancechocolatemintcookiecrunch,Source/balancechocolatemintcookiecrunch.jpg,Hope/balancechocolatemintcookiecrunch_1.jpg
balancechocolatemintcookiecrunch,Source/balancechocolatemintcookiecrunch.jpg,Hope/balancechocolatemintcookiecrunch_2.jpg
balancechocolatemintcookiecrunch,Source/balancechocolatemintcookiecrunch.jpg,Hope/balancechocolatemintcookiecrunch_3.jpg
bandaid,Source/bandaid.png,Expect/bandaid_1.jpg
bandaid,Source/bandaid.png,Expect/bandaid_2.jpg
bandaid,Source/bandaid.png,Hope/bandaid_1.jpg
bandaid,Source/bandaid.png,Hope/bandaid_2.jpg
bandaid,Source/bandaid.png,Hope/bandaid_3.jpg
blinkcontacts,Source/blinkcontacts.png,Expect/blinkcontacts_1.jpg
blinkcontacts,Source/blinkcontacts.png,Expect/blinkcontacts_2.jpg
blinkcontacts,Source/blinkcontacts.png,Hope/blinkcontacts_1.jpg
blinkcontacts,Source/blinkcontacts.png,Hope/blinkcontacts_2.jpg
blinkcontacts,Source/blinkcontacts.png,Hope/blinkcontacts_3.jpg
blue,Source/blue.png,Expect/blue_1.jpg
blue,Source/blue.png,Expect/blue_2.jpg
blue,Source/blue.png,Hope/blue_1.jpg
blue,Source/blue.png,Hope/blue_2.jpg
blue,Source/blue.png,Hope/blue_3.jpg
bluebones,Source/bluebones.png,Expect/bluebones_1.jpg
bluebones,Source/bluebones.png,Expect/bluebones_2.jpg
bluebones,Source/bluebones.png,Hope/bluebones_1.jpg
bluebones,Source/bluebones.png,Hope/bluebones_2.jpg
bluebones,Source/bluebones.png,Hope/bluebones_3.jpg
BonkOuts,Source/BonkOuts.jpg,Expect/BonkOuts_1.jpg
BonkOuts,Source/BonkOuts.jpg,Expect/BonkOuts_2.jpg
BonkOuts,Source/BonkOuts.jpg,Hope/BonkOuts_1.jpg
BonkOuts,Source/BonkOuts.jpg,Hope/BonkOuts_2.jpg
BonkOuts,Source/BonkOuts.jpg,Hope/BonkOuts_3.jpg
BonkOutsElephant,Source/BonkOutsElephant.jpg,Expect/BonkOutsElephant_1.jpg
BonkOutsElephant,Source/BonkOutsElephant.jpg,Expect/BonkOutsElephant_2.jpg
BonkOutsElephant,Source/BonkOutsElephant.jpg,Hope/BonkOutsElephant_1.jpg
BonkOutsElephant,Source/BonkOutsElephant.jpg,Hope/BonkOutsElephant_2.jpg
BonkOutsElephant,Source/BonkOutsElephant.jpg,Hope/BonkOutsElephant_3.jpg
chamomile,Source/chamomile.png,Expect/chamomile_1.jpg
chamomile,Source/chamomile.png,Expect/chamomile_2.jpg
chamomile,Source/chamomile.png,Hope/chamomile_1.jpg
chamomile,Source/chamomile.png,Hope/chamomile_2.jpg
chamomile,Source/chamomile.png,Hope/chamomile_3.jpg
chocolatepeanutbuttercheerios,Source/chocolatepeanutbuttercheerios.jpeg,Expect/chocolatepeanutbuttercheerios_1.jpg
chocolatepeanutbuttercheerios,Source/chocolatepeanutbuttercheerios.jpeg,Expect/chocolatepeanutbuttercheerios_2.jpg
chocolatepeanutbuttercheerios,Source/chocolatepeanutbuttercheerios.jpeg,Hope/chocolatepeanutbuttercheerios_1.jpg
chocolatepeanutbuttercheerios,Source/chocolatepeanutbuttercheerios.jpeg,Hope/chocolatepeanutbuttercheerios_2.jpg
chocolatepeanutbuttercheerios,Source/chocolatepeanutbuttercheerios.jpeg,Hope/chocolatepeanutbuttercheerios_3.jpg
cleareyes,Source/cleareyes.png,Expect/cleareyes_1.jpg
cleareyes,Source/cleareyes.png,Expect/cleareyes_2.jpg
cleareyes,Source/cleareyes.png,Hope/cleareyes_1.jpg
cleareyes,Source/cleareyes.png,Hope/cleareyes_2.jpg
cleareyes,Source/cleareyes.png,Hope/cleareyes_3.jpg
cleareyescool,Source/cleareyescool.png,Expect/cleareyescool_1.jpg
cleareyescool,Source/cleareyescool.png,Expect/cleareyescool_2.jpg
cleareyescool,Source/cleareyescool.png,Hope/cleareyescool_1.jpg
cleareyescool,Source/cleareyescool.png,Hope/cleareyescool_2.jpg
cleareyescool,Source/cleareyescool.png,Hope/cleareyescool_3.jpg
cleareyesitchy,Source/cleareyesitchy.png,Expect/cleareyesitchy_1.jpg
cleareyesitchy,Source/cleareyesitchy.png,Expect/cleareyesitchy_2.jpg
cleareyesitchy,Source/cleareyesitchy.png,Hope/cleareyesitchy_1.jpg
cleareyesitchy,Source/cleareyesitchy.png,Hope/cleareyesitchy_2.jpg
cleareyesitchy,Source/cleareyesitchy.png,Hope/cleareyesitchy_3.jpg
cleareyestriple,Source/cleareyestriple.png,Expect/cleareyestriple_1.jpg
cleareyestriple,Source/cleareyestriple.png,Expect/cleareyestriple_2.jpg
cleareyestriple,Source/cleareyestriple.png,Hope/cleareyestriple_1.jpg
cleareyestriple,Source/cleareyestriple.png,Hope/cleareyestriple_2.jpg
cleareyestriple,Source/cleareyestriple.png,Hope/cleareyestriple_3.jpg
Conair1875,Source/Conair1875.png,Expect/Conair1875_1.jpg
Conair1875,Source/Conair1875.png,Expect/Conair1875_2.jpg
Conair1875,Source/Conair1875.png,Hope/Conair1875_1.jpg
Conair1875,Source/Conair1875.png,Hope/Conair1875_2.jpg
Conair1875,Source/Conair1875.png,Hope/Conair1875_3.jpg
ConairProStyler,Source/ConairProStyler.png,Expect/ConairProStyler_1.jpg
ConairProStyler,Source/ConairProStyler.png,Expect/ConairProStyler_2.jpg
ConairProStyler,Source/ConairProStyler.png,Hope/ConairProStyler_1.jpg
ConairProStyler,Source/ConairProStyler.png,Hope/ConairProStyler_2.jpg
ConairProStyler,Source/ConairProStyler.png,Hope/ConairProStyler_3.jpg
cornflakes,Source/cornflakes.jpeg,Expect/cornflakes_1.jpg
cornflakes,Source/cornflakes.jpeg,Expect/cornflakes_2.jpg
cornflakes,Source/cornflakes.jpeg,Hope/cornflakes_1.jpg
cornflakes,Source/cornflakes.jpeg,Hope/cornflakes_2.jpg
cornflakes,Source/cornflakes.jpeg,Hope/cornflakes_3.jpg
detox,Source/detox.png,Expect/detox_1.jpg
detox,Source/detox.png,Expect/detox_2.jpg
detox,Source/detox.png,Hope/detox_1.jpg
detox,Source/detox.png,Hope/detox_2.jpg
detox,Source/detox.png,Hope/detox_3.jpg
dovegofresh,Source/dovegofresh.png,Expect/dovegofresh_1.jpg
dovegofresh,Source/dovegofresh.png,Expect/dovegofresh_2.jpg
dovegofresh,Source/dovegofresh.png,Hope/dovegofresh_1.jpg
dovegofresh,Source/dovegofresh.png,Hope/dovegofresh_2.jpg
dovegofresh,Source/dovegofresh.png,Hope/dovegofresh_3.jpg
dovepink,Source/dovepink.png,Expect/dovepink_1.jpg
dovepink,Source/dovepink.png,Expect/dovepink_2.jpg
dovepink,Source/dovepink.png,Hope/dovepink_1.jpg
dovepink,Source/dovepink.png,Hope/dovepink_2.jpg
dovepink,Source/dovepink.png,Hope/dovepink_3.jpg
doverevitalize,Source/doverevitalize.png,Expect/doverevitalize_1.jpg
doverevitalize,Source/doverevitalize.png,Expect/doverevitalize_2.jpg
doverevitalize,Source/doverevitalize.png,Hope/doverevitalize_1.jpg
doverevitalize,Source/doverevitalize.png,Hope/doverevitalize_2.jpg
doverevitalize,Source/doverevitalize.png,Hope/doverevitalize_3.jpg
doveshea,Source/doveshea.png,Expect/doveshea_1.jpg
doveshea,Source/doveshea.png,Expect/doveshea_2.jpg
doveshea,Source/doveshea.png,Hope/doveshea_1.jpg
doveshea,Source/doveshea.png,Hope/doveshea_2.jpg
doveshea,Source/doveshea.png,Hope/doveshea_3.jpg
dovewhite,Source/dovewhite.png,Expect/dovewhite_1.jpg
dovewhite,Source/dovewhite.png,Expect/dovewhite_2.jpg
dovewhite,Source/dovewhite.png,Hope/dovewhite_1.jpg
dovewhite,Source/dovewhite.png,Hope/dovewhite_2.jpg
dovewhite,Source/dovewhite.png,Hope/dovewhite_3.jpg
fruitstri,Source/fruitstri.jpg,Expect/fruitstri_1.jpg
fruitstri,Source/fruitstri.jpg,Expect/fruitstri_2.jpg
fruitstri,Source/fruitstri.jpg,Hope/fruitstri_1.jpg
fruitstri,Source/fruitstri.jpg,Hope/fruitstri_2.jpg
fruitstri,Source/fruitstri.jpg,Hope/fruitstri_3.jpg
gardeninmanderin,Source/gardeninmanderin.png,Expect/gardeninmanderin_1.jpg
gardeninmanderin,Source/gardeninmanderin.png,Expect/gardeninmanderin_2.jpg
gardeninmanderin,Source/gardeninmanderin.png,Hope/gardeninmanderin_1.jpg
gardeninmanderin,Source/gardeninmanderin.png,Hope/gardeninmanderin_2.jpg
gardeninmanderin,Source/gardeninmanderin.png,Hope/gardeninmanderin_3.jpg
golbarchocolateseasalt,Source/golbarchocolateseasalt.png,Expect/golbarchocolateseasalt_1.jpg
golbarchocolateseasalt,Source/golbarchocolateseasalt.png,Expect/golbarchocolateseasalt_2.jpg
golbarchocolateseasalt,Source/golbarchocolateseasalt.png,Hope/golbarchocolateseasalt_1.jpg
golbarchocolateseasalt,Source/golbarchocolateseasalt.png,Hope/golbarchocolateseasalt_2.jpg
golbarchocolateseasalt,Source/golbarchocolateseasalt.png,Hope/golbarchocolateseasalt_3.jpg
hersheys,Source/hersheys.png,Expect/hersheys_1.jpg
hersheys,Source/hersheys.png,Expect/hersheys_2.jpg
hersheys,Source/hersheys.png,Hope/hersheys_1.jpg
hersheys,Source/hersheys.png,Hope/hersheys_2.jpg
hersheys,Source/hersheys.png,Hope/hersheys_3.jpg
HotShotAntBait,Source/HotShotAntBait.png,Expect/HotShotAntBait_1.jpg
HotShotAntBait,Source/HotShotAntBait.png,Expect/HotShotAntBait_2.jpg
HotShotAntBait,Source/HotShotAntBait.png,Hope/HotShotAntBait_1.jpg
HotShotAntBait,Source/HotShotAntBait.png,Hope/HotShotAntBait_2.jpg
HotShotAntBait,Source/HotShotAntBait.png,Hope/HotShotAntBait_3.jpg
HotShotFogger,Source/HotShotFogger.png,Expect/HotShotFogger_1.jpg
HotShotFogger,Source/HotShotFogger.png,Expect/HotShotFogger_2.jpg
HotShotFogger,Source/HotShotFogger.png,Hope/HotShotFogger_1.jpg
HotShotFogger,Source/HotShotFogger.png,Hope/HotShotFogger_2.jpg
HotShotFogger,Source/HotShotFogger.png,Hope/HotShotFogger_3.jpg
lego1968fordmustangfastback,Source/lego1968fordmustangfastback.jpg,Expect/lego1968fordmustangfastback_1.jpg
lego1968fordmustangfastback,Source/lego1968fordmustangfastback.jpg,Expect/lego1968fordmustangfastback_2.jpg
lego1968fordmustangfastback,Source/lego1968fordmustangfastback.jpg,Hope/lego1968fordmustangfastback_1.jpg
lego1968fordmustangfastback,Source/lego1968fordmustangfastback.jpg,Hope/lego1968fordmustangfastback_2.jpg
lego1968fordmustangfastback,Source/lego1968fordmustangfastback.jpg,Hope/lego1968fordmustangfastback_3.jpg
legocity4x4responseunit,Source/legocity4x4responseunit.jpg,Expect/legocity4x4responseunit_1.jpg
legocity4x4responseunit,Source/legocity4x4responseunit.jpg,Expect/legocity4x4responseunit_2.jpg
legocity4x4responseunit,Source/legocity4x4responseunit.jpg,Hope/legocity4x4responseunit_1.jpg
legocity4x4responseunit,Source/legocity4x4responseunit.jpg,Hope/legocity4x4responseunit_2.jpg
legocity4x4responseunit,Source/legocity4x4responseunit.jpg,Hope/legocity4x4responseunit_3.jpg
legocityairshowjet,Source/legocityairshowjet.jpg,Expect/legocityairshowjet_1.jpg
legocityairshowjet,Source/legocityairshowjet.jpg,Expect/legocityairshowjet_2.jpg
legocityairshowjet,Source/legocityairshowjet.jpg,Hope/legocityairshowjet_1.jpg
legocityairshowjet,Source/legocityairshowjet.jpg,Hope/legocityairshowjet_2.jpg
legocityairshowjet,Source/legocityairshowjet.jpg,Hope/legocityairshowjet_3.jpg
legocityambulancehelicopter,Source/legocityambulancehelicopter.jpg,Expect/legocityambulancehelicopter_1.jpg
legocityambulancehelicopter,Source/legocityambulancehelicopter.jpg,Expect/legocityambulancehelicopter_2.jpg
legocityambulancehelicopter,Source/legocityambulancehelicopter.jpg,Hope/legocityambulancehelicopter_1.jpg
legocityambulancehelicopter,Source/legocityambulancehelicopter.jpg,Hope/legocityambulancehelicopter_2.jpg
legocityambulancehelicopter,Source/legocityambulancehelicopter.jpg,Hope/legocityambulancehelicopter_3.jpg
legocityarcticexplorationteam,Source/legocityarcticexplorationteam.jpg,Expect/legocityarcticexplorationteam_1.jpg
legocityarcticexplorationteam,Source/legocityarcticexplorationteam.jpg,Expect/legocityarcticexplorationteam_2.jpg
legocityarcticexplorationteam,Source/legocityarcticexplorationteam.jpg,Hope/legocityarcticexplorationteam_1.jpg
legocityarcticexplorationteam,Source/legocityarcticexplorationteam.jpg,Hope/legocityarcticexplorationteam_2.jpg
legocityarcticexplorationteam,Source/legocityarcticexplorationteam.jpg,Hope/legocityarcticexplorationteam_3.jpg
legocityarcticicecrawler,Source/legocityarcticicecrawler.jpg,Expect/legocityarcticicecrawler_1.jpg
legocityarcticicecrawler,Source/legocityarcticicecrawler.jpg,Expect/legocityarcticicecrawler_2.jpg
legocityarcticicecrawler,Source/legocityarcticicecrawler.jpg,Hope/legocityarcticicecrawler_1.jpg
legocityarcticicecrawler,Source/legocityarcticicecrawler.jpg,Hope/legocityarcticicecrawler_2.jpg
legocityarcticicecrawler,Source/legocityarcticicecrawler.jpg,Hope/legocityarcticicecrawler_3.jpg
legocityarcticiceglider,Source/legocityarcticiceglider.jpg,Expect/legocityarcticiceglider_1.jpg
legocityarcticiceglider,Source/legocityarcticiceglider.jpg,Expect/legocityarcticiceglider_2.jpg
legocityarcticiceglider,Source/legocityarcticiceglider.jpg,Hope/legocityarcticiceglider_1.jpg
legocityarcticiceglider,Source/legocityarcticiceglider.jpg,Hope/legocityarcticiceglider_2.jpg
legocityarcticiceglider,Source/legocityarcticiceglider.jpg,Hope/legocityarcticiceglider_3.jpg
legocityatvraceteam,Source/legocityatvraceteam.jpg,Expect/legocityatvraceteam_1.jpg
legocityatvraceteam,Source/legocityatvraceteam.jpg,Expect/legocityatvraceteam_2.jpg
legocityatvraceteam,Source/legocityatvraceteam.jpg,Hope/legocityatvraceteam_1.jpg
legocityatvraceteam,Source/legocityatvraceteam.jpg,Hope/legocityatvraceteam_2.jpg
legocityatvraceteam,Source/legocityatvraceteam.jpg,Hope/legocityatvraceteam_3.jpg
legocityforesttractor,Source/legocityforesttractor.jpg,Expect/legocityforesttractor_1.jpg
legocityforesttractor,Source/legocityforesttractor.jpg,Expect/legocityforesttractor_2.jpg
legocityforesttractor,Source/legocityforesttractor.jpg,Hope/legocityforesttractor_1.jpg
legocityforesttractor,Source/legocityforesttractor.jpg,Hope/legocityforesttractor_2.jpg
legocityforesttractor,Source/legocityforesttractor.jpg,Hope/legocityforesttractor_3.jpg
legocityjunglestarterset,Source/legocityjunglestarterset.jpeg,Expect/legocityjunglestarterset_1.jpg
legocityjunglestarterset,Source/legocityjunglestarterset.jpeg,Expect/legocityjunglestarterset_2.jpg
legocityjunglestarterset,Source/legocityjunglestarterset.jpeg,Hope/legocityjunglestarterset_1.jpg
legocityjunglestarterset,Source/legocityjunglestarterset.jpeg,Hope/legocityjunglestarterset_2.jpg
legocityjunglestarterset,Source/legocityjunglestarterset.jpeg,Hope/legocityjunglestarterset_3.jpg
legocityminingpowersplitter,Source/legocityminingpowersplitter.jpg,Expect/legocityminingpowersplitter_1.jpg
legocityminingpowersplitter,Source/legocityminingpowersplitter.jpg,Expect/legocityminingpowersplitter_2.jpg
legocityminingpowersplitter,Source/legocityminingpowersplitter.jpg,Hope/legocityminingpowersplitter_1.jpg
legocityminingpowersplitter,Source/legocityminingpowersplitter.jpg,Hope/legocityminingpowersplitter_2.jpg
legocityminingpowersplitter,Source/legocityminingpowersplitter.jpg,Hope/legocityminingpowersplitter_3.jpg
legocityminingteam,Source/legocityminingteam.jpg,Expect/legocityminingteam_1.jpg
legocityminingteam,Source/legocityminingteam.jpg,Expect/legocityminingteam_2.jpg
legocityminingteam,Source/legocityminingteam.jpg,Hope/legocityminingteam_1.jpg
legocityminingteam,Source/legocityminingteam.jpg,Hope/legocityminingteam_2.jpg
legocityminingteam,Source/legocityminingteam.jpg,Hope/legocityminingteam_3.jpg
legocitymonstertruck,Source/legocitymonstertruck.jpg,Expect/legocitymonstertruck_1.jpg
legocitymonstertruck,Source/legocitymonstertruck.jpg,Expect/legocitymonstertruck_2.jpg
legocitymonstertruck,Source/legocitymonstertruck.jpg,Hope/legocitymonstertruck_1.jpg
legocitymonstertruck,Source/legocitymonstertruck.jpg,Hope/legocitymonstertruck_2.jpg
legocitymonstertruck,Source/legocitymonstertruck.jpg,Hope/legocitymonstertruck_3.jpg
legocitymountainfugitives,Source/legocitymountainfugitives.jpg,Expect/legocitymountainfugitives_1.jpg
legocitymountainfugitives,Source/legocitymountainfugitives.jpg,Expect/legocitymountainfugitives_2.jpg
legocitymountainfugitives,Source/legocitymountainfugitives.jpg,Hope/legocitymountainfugitives_1.jpg
legocitymountainfugitives,Source/legocitymountainfugitives.jpg,Hope/legocitymountainfugitives_2.jpg
legocitymountainfugitives,Source/legocitymountainfugitives.jpg,Hope/legocitymountainfugitives_3.jpg
legocityoff-roadchase,Source/legocityoff-roadchase.jpg,Expect/legocityoff-roadchase_1.jpg
legocityoff-roadchase,Source/legocityoff-roadchase.jpg,Expect/legocityoff-roadchase_2.jpg
legocityoff-roadchase,Source/legocityoff-roadchase.jpg,Hope/legocityoff-roadchase_1.jpg
legocityoff-roadchase,Source/legocityoff-roadchase.jpg,Hope/legocityoff-roadchase_2.jpg
legocityoff-roadchase,Source/legocityoff-roadchase.jpg,Hope/legocityoff-roadchase_3.jpg
legocitypeoplepackoutdooradventures,Source/legocitypeoplepackoutdooradventures.jpg,Expect/legocitypeoplepackoutdooradventures_1.jpg
legocitypeoplepackoutdooradventures,Source/legocitypeoplepackoutdooradventures.jpg,Expect/legocitypeoplepackoutdooradventures_2.jpg
legocitypeoplepackoutdooradventures,Source/legocitypeoplepackoutdooradventures.jpg,Hope/legocitypeoplepackoutdooradventures_1.jpg
legocitypeoplepackoutdooradventures,Source/legocitypeoplepackoutdooradventures.jpg,Hope/legocitypeoplepackoutdooradventures_2.jpg
legocitypeoplepackoutdooradventures,Source/legocitypeoplepackoutdooradventures.jpg,Hope/legocitypeoplepackoutdooradventures_3.jpg
legocitypickupcaravan,Source/legocitypickupcaravan.jpg,Expect/legocitypickupcaravan_1.jpg
legocitypickupcaravan,Source/legocitypickupcaravan.jpg,Expect/legocitypickupcaravan_2.jpg
legocitypickupcaravan,Source/legocitypickupcaravan.jpg,Hope/legocitypickupcaravan_1.jpg
legocitypickupcaravan,Source/legocitypickupcaravan.jpg,Hope/legocitypickupcaravan_2.jpg
legocitypickupcaravan,Source/legocitypickupcaravan.jpg,Hope/legocitypickupcaravan_3.jpg
legocitypizzavan,Source/legocitypizzavan.jpeg,Expect/legocitypizzavan_1.jpg
legocitypizzavan,Source/legocitypizzavan.jpeg,Expect/legocitypizzavan_2.jpg
legocitypizzavan,Source/legocitypizzavan.jpeg,Hope/legocitypizzavan_1.jpg
legocitypizzavan,Source/legocitypizzavan.jpeg,Hope/legocitypizzavan_2.jpg
legocitypizzavan,Source/legocitypizzavan.jpeg,Hope/legocitypizzavan_3.jpg
legocityroadrepairtruck,Source/legocityroadrepairtruck.jpg,Expect/legocityroadrepairtruck_1.jpg
legocityroadrepairtruck,Source/legocityroadrepairtruck.jpg,Expect/legocityroadrepairtruck_2.jpg
legocityroadrepairtruck,Source/legocityroadrepairtruck.jpg,Hope/legocityroadrepairtruck_1.jpg
legocityroadrepairtruck,Source/legocityroadrepairtruck.jpg,Hope/legocityroadrepairtruck_2.jpg
legocityroadrepairtruck,Source/legocityroadrepairtruck.jpg,Hope/legocityroadrepairtruck_3.jpg
legocitysearchrescueplane,Source/legocitysearchrescueplane.jpg,Expect/legocitysearchrescueplane_1.jpg
legocitysearchrescueplane,Source/legocitysearchrescueplane.jpg,Expect/legocitysearchrescueplane_2.jpg
legocitysearchrescueplane,Source/legocitysearchrescueplane.jpg,Hope/legocitysearchrescueplane_1.jpg
legocitysearchrescueplane,Source/legocitysearchrescueplane.jpg,Hope/legocitysearchrescueplane_2.jpg
legocitysearchrescueplane,Source/legocitysearchrescueplane.jpg,Hope/legocitysearchrescueplane_3.jpg
legocitywilddriverescape,Source/legocitywilddriverescape.jpg,Expect/legocitywilddriverescape_1.jpg
legocitywilddriverescape,Source/legocitywilddriverescape.jpg,Expect/legocitywilddriverescape_2.jpg
legocitywilddriverescape,Source/legocitywilddriverescape.jpg,Hope/legocitywilddriverescape_1.jpg
legocitywilddriverescape,Source/legocitywilddriverescape.jpg,Hope/legocitywilddriverescape_2.jpg
legocitywilddriverescape,Source/legocitywilddriverescape.jpg,Hope/legocitywilddriverescape_3.jpg
legoclassic,Source/legoclassic.jpg,Expect/legoclassic_1.jpg
legoclassic,Source/legoclassic.jpg,Expect/legoclassic_2.jpg
legoclassic,Source/legoclassic.jpg,Hope/legoclassic_1.jpg
legoclassic,Source/legoclassic.jpg,Hope/legoclassic_2.jpg
legoclassic,Source/legoclassic.jpg,Hope/legoclassic_3.jpg
legodaredevilstuntplane,Source/legodaredevilstuntplane.jpg,Expect/legodaredevilstuntplane_1.jpg
legodaredevilstuntplane,Source/legodaredevilstuntplane.jpg,Expect/legodaredevilstuntplane_2.jpg
legodaredevilstuntplane,Source/legodaredevilstuntplane.jpg,Hope/legodaredevilstuntplane_1.jpg
legodaredevilstuntplane,Source/legodaredevilstuntplane.jpg,Hope/legodaredevilstuntplane_2.jpg
legodaredevilstuntplane,Source/legodaredevilstuntplane.jpg,Hope/legodaredevilstuntplane_3.jpg
legodestinyswing,Source/legodestinyswing.jpg,Expect/legodestinyswing_1.jpg
legodestinyswing,Source/legodestinyswing.jpg,Expect/legodestinyswing_2.jpg
legodestinyswing,Source/legodestinyswing.jpg,Hope/legodestinyswing_1.jpg
legodestinyswing,Source/legodestinyswing.jpg,Hope/legodestinyswing_2.jpg
legodestinyswing,Source/legodestinyswing.jpg,Hope/legodestinyswing_3.jpg
legodroneexplorer,Source/legodroneexplorer.jpg,Expect/legodroneexplorer_1.jpg
legodroneexplorer,Source/legodroneexplorer.jpg,Expect/legodroneexplorer_2.jpg
legodroneexplorer,Source/legodroneexplorer.jpg,Hope/legodroneexplorer_1.jpg
legodroneexplorer,Source/legodroneexplorer.jpg,Hope/legodroneexplorer_2.jpg
legodroneexplorer,Source/legodroneexplorer.jpg,Hope/legodroneexplorer_3.jpg
legoduplomyfirstpuzzlepets,Source/legoduplomyfirstpuzzlepets.jpg,Expect/legoduplomyfirstpuzzlepets_1.jpg
legoduplomyfirstpuzzlepets,Source/legoduplomyfirstpuzzlepets.jpg,Expect/legoduplomyfirstpuzzlepets_2.jpg
legoduplomyfirstpuzzlepets,Source/legoduplomyfirstpuzzlepets.jpg,Hope/legoduplomyfirstpuzzlepets_1.jpg
legoduplomyfirstpuzzlepets,Source/legoduplomyfirstpuzzlepets.jpg,Hope/legoduplomyfirstpuzzlepets_2.jpg
legoduplomyfirstpuzzlepets,Source/legoduplomyfirstpuzzlepets.jpg,Hope/legoduplomyfirstpuzzlepets_3.jpg
legoeggheadmechfoodfight,Source/legoeggheadmechfoodfight.jpg,Expect/legoeggheadmechfoodfight_1.jpg
legoeggheadmechfoodfight,Source/legoeggheadmechfoodfight.jpg,Expect/legoeggheadmechfoodfight_2.jpg
legoeggheadmechfoodfight,Source/legoeggheadmechfoodfight.jpg,Hope/legoeggheadmechfoodfight_1.jpg
legoeggheadmechfoodfight,Source/legoeggheadmechfoodfight.jpg,Hope/legoeggheadmechfoodfight_2.jpg
legoeggheadmechfoodfight,Source/legoeggheadmechfoodfight.jpg,Hope/legoeggheadmechfoodfight_3.jpg
legoextremeengines,Source/legoextremeengines.jpg,Expect/legoextremeengines_1.jpg
legoextremeengines,Source/legoextremeengines.jpg,Expect/legoextremeengines_2.jpg
legoextremeengines,Source/legoextremeengines.jpg,Hope/legoextremeengines_1.jpg
legoextremeengines,Source/legoextremeengines.jpg,Hope/legoextremeengines_2.jpg
legoextremeengines,Source/legoextremeengines.jpg,Hope/legoextremeengines_3.jpg
legoferrari488gt3scuderlaccoesa,Source/legoferrari488gt3scuderlaccoesa.jpg,Expect/legoferrari488gt3scuderlaccoesa_1.jpg
legoferrari488gt3scuderlaccoesa,Source/legoferrari488gt3scuderlaccoesa.jpg,Expect/legoferrari488gt3scuderlaccoesa_2.jpg
legoferrari488gt3scuderlaccoesa,Source/legoferrari488gt3scuderlaccoesa.jpg,Hope/legoferrari488gt3scuderlaccoesa_1.jpg
legoferrari488gt3scuderlaccoesa,Source/legoferrari488gt3scuderlaccoesa.jpg,Hope/legoferrari488gt3scuderlaccoesa_2.jpg
legoferrari488gt3scuderlaccoesa,Source/legoferrari488gt3scuderlaccoesa.jpg,Hope/legoferrari488gt3scuderlaccoesa_3.jpg
legojunionsunderminerbankheist,Source/legojunionsunderminerbankheist.jpg,Expect/legojunionsunderminerbankheist_1.jpg
legojunionsunderminerbankheist,Source/legojunionsunderminerbankheist.jpg,Expect/legojunionsunderminerbankheist_2.jpg
legojunionsunderminerbankheist,Source/legojunionsunderminerbankheist.jpg,Hope/legojunionsunderminerbankheist_1.jpg
legojunionsunderminerbankheist,Source/legojunionsunderminerbankheist.jpg,Hope/legojunionsunderminerbankheist_2.jpg
legojunionsunderminerbankheist,Source/legojunionsunderminerbankheist.jpg,Hope/legojunionsunderminerbankheist_3.jpg
legojuniorsarielsunderwaterconcert,Source/legojuniorsarielsunderwaterconcert.jpg,Expect/legojuniorsarielsunderwaterconcert_1.jpg
legojuniorsarielsunderwaterconcert,Source/legojuniorsarielsunderwaterconcert.jpg,Expect/legojuniorsarielsunderwaterconcert_2.jpg
legojuniorsarielsunderwaterconcert,Source/legojuniorsarielsunderwaterconcert.jpg,Hope/legojuniorsarielsunderwaterconcert_1.jpg
legojuniorsarielsunderwaterconcert,Source/legojuniorsarielsunderwaterconcert.jpg,Hope/legojuniorsarielsunderwaterconcert_2.jpg
legojuniorsarielsunderwaterconcert,Source/legojuniorsarielsunderwaterconcert.jpg,Hope/legojuniorsarielsunderwaterconcert_3.jpg
legojuniorsbatmanvsmrfreeze,Source/legojuniorsbatmanvsmrfreeze.jpg,Expect/legojuniorsbatmanvsmrfreeze_1.jpg
legojuniorsbatmanvsmrfreeze,Source/legojuniorsbatmanvsmrfreeze.jpg,Expect/legojuniorsbatmanvsmrfreeze_2.jpg
legojuniorsbatmanvsmrfreeze,Source/legojuniorsbatmanvsmrfreeze.jpg,Hope/legojuniorsbatmanvsmrfreeze_1.jpg
legojuniorsbatmanvsmrfreeze,Source/legojuniorsbatmanvsmrfreeze.jpg,Hope/legojuniorsbatmanvsmrfreeze_2.jpg
legojuniorsbatmanvsmrfreeze,Source/legojuniorsbatmanvsmrfreeze.jpg,Hope/legojuniorsbatmanvsmrfreeze_3.jpg
legojuniorsmiasorganicfoodmarket,Source/legojuniorsmiasorganicfoodmarket.jpg,Expect/legojuniorsmiasorganicfoodmarket_1.jpg
legojuniorsmiasorganicfoodmarket,Source/legojuniorsmiasorganicfoodmarket.jpg,Expect/legojuniorsmiasorganicfoodmarket_2.jpg
legojuniorsmiasorganicfoodmarket,Source/legojuniorsmiasorganicfoodmarket.jpg,Hope/legojuniorsmiasorganicfoodmarket_1.jpg
legojuniorsmiasorganicfoodmarket,Source/legojuniorsmiasorganicfoodmarket.jpg,Hope/legojuniorsmiasorganicfoodmarket_2.jpg
legojuniorsmiasorganicfoodmarket,Source/legojuniorsmiasorganicfoodmarket.jpg,Hope/legojuniorsmiasorganicfoodmarket_3.jpg
legojuniorsmountainpolicechase,Source/legojuniorsmountainpolicechase.jpg,Expect/legojuniorsmountainpolicechase_1.jpg
legojuniorsmountainpolicechase,Source/legojuniorsmountainpolicechase.jpg,Expect/legojuniorsmountainpolicechase_2.jpg
legojuniorsmountainpolicechase,Source/legojuniorsmountainpolicechase.jpg,Hope/legojuniorsmountainpolicechase_1.jpg
legojuniorsmountainpolicechase,Source/legojuniorsmountainpolicechase.jpg,Hope/legojuniorsmountainpolicechase_2.jpg
legojuniorsmountainpolicechase,Source/legojuniorsmountainpolicechase.jpg,Hope/legojuniorsmountainpolicechase_3.jpg
legojuniorspteranodoneescape,Source/legojuniorspteranodoneescape.jpg,Expect/legojuniorspteranodoneescape_1.jpg
legojuniorspteranodoneescape,Source/legojuniorspteranodoneescape.jpg,Expect/legojuniorspteranodoneescape_2.jpg
legojuniorspteranodoneescape,Source/legojuniorspteranodoneescape.jpg,Hope/legojuniorspteranodoneescape_1.jpg
legojuniorspteranodoneescape,Source/legojuniorspteranodoneescape.jpg,Hope/legojuniorspteranodoneescape_2.jpg
legojuniorspteranodoneescape,Source/legojuniorspteranodoneescape.jpg,Hope/legojuniorspteranodoneescape_3.jpg
legojuniorssmokeysgarage,Source/legojuniorssmokeysgarage.jpg,Expect/legojuniorssmokeysgarage_1.jpg
legojuniorssmokeysgarage,Source/legojuniorssmokeysgarage.jpg,Expect/legojuniorssmokeysgarage_2.jpg
legojuniorssmokeysgarage,Source/legojuniorssmokeysgarage.jpg,Hope/legojuniorssmokeysgarage_1.jpg
legojuniorssmokeysgarage,Source/legojuniorssmokeysgarage.jpg,Hope/legojuniorssmokeysgarage_2.jpg
legojuniorssmokeysgarage,Source/legojuniorssmokeysgarage.jpg,Hope/legojuniorssmokeysgarage_3.jpg
legomythicalcreatures,Source/legomythicalcreatures.jpg,Expect/legomythicalcreatures_1.jpg
legomythicalcreatures,Source/legomythicalcreatures.jpg,Expect/legomythicalcreatures_2.jpg
legomythicalcreatures,Source/legomythicalcreatures.jpg,Hope/legomythicalcreatures_1.jpg
legomythicalcreatures,Source/legomythicalcreatures.jpg,Hope/legomythicalcreatures_2.jpg
legomythicalcreatures,Source/legomythicalcreatures.jpg,Hope/legomythicalcreatures_3.jpg
legooutbackadventures,Source/legooutbackadventures.jpg,Expect/legooutbackadventures_1.jpg
legooutbackadventures,Source/legooutbackadventures.jpg,Expect/legooutbackadventures_2.jpg
legooutbackadventures,Source/legooutbackadventures.jpg,Hope/legooutbackadventures_1.jpg
legooutbackadventures,Source/legooutbackadventures.jpg,Hope/legooutbackadventures_2.jpg
legooutbackadventures,Source/legooutbackadventures.jpg,Hope/legooutbackadventures_3.jpg
legoporsche919hybrid,Source/legoporsche919hybrid.jpg,Expect/legoporsche919hybrid_1.jpg
legoporsche919hybrid,Source/legoporsche919hybrid.jpg,Expect/legoporsche919hybrid_2.jpg
legoporsche919hybrid,Source/legoporsche919hybrid.jpg,Hope/legoporsche919hybrid_1.jpg
legoporsche919hybrid,Source/legoporsche919hybrid.jpg,Hope/legoporsche919hybrid_2.jpg
legoporsche919hybrid,Source/legoporsche919hybrid.jpg,Hope/legoporsche919hybrid_3.jpg
legorocketrallycar,Source/legorocketrallycar.jpg,Expect/legorocketrallycar_1.jpg
legorocketrallycar,Source/legorocketrallycar.jpg,Expect/legorocketrallycar_2.jpg
legorocketrallycar,Source/legorocketrallycar.jpg,Hope/legorocketrallycar_1.jpg
legorocketrallycar,Source/legorocketrallycar.jpg,Hope/legorocketrallycar_2.jpg
legorocketrallycar,Source/legorocketrallycar.jpg,Hope/legorocketrallycar_3.jpg
legospinjutzutraining,Source/legospinjutzutraining.jpg,Expect/legospinjutzutraining_1.jpg
legospinjutzutraining,Source/legospinjutzutraining.jpg,Expect/legospinjutzutraining_2.jpg
legospinjutzutraining,Source/legospinjutzutraining.jpg,Hope/legospinjutzutraining_1.jpg
legospinjutzutraining,Source/legospinjutzutraining.jpg,Hope/legospinjutzutraining_2.jpg
legospinjutzutraining,Source/legospinjutzutraining.jpg,Hope/legospinjutzutraining_3.jpg
legotechnicfirstresponder,Source/legotechnicfirstresponder.jpg,Expect/legotechnicfirstresponder_1.jpg
legotechnicfirstresponder,Source/legotechnicfirstresponder.jpg,Expect/legotechnicfirstresponder_2.jpg
legotechnicfirstresponder,Source/legotechnicfirstresponder.jpg,Hope/legotechnicfirstresponder_1.jpg
legotechnicfirstresponder,Source/legotechnicfirstresponder.jpg,Hope/legotechnicfirstresponder_2.jpg
legotechnicfirstresponder,Source/legotechnicfirstresponder.jpg,Hope/legotechnicfirstresponder_3.jpg
legotechnicracingyacht,Source/legotechnicracingyacht.jpg,Expect/legotechnicracingyacht_1.jpg
legotechnicracingyacht,Source/legotechnicracingyacht.jpg,Expect/legotechnicracingyacht_2.jpg
legotechnicracingyacht,Source/legotechnicracingyacht.jpg,Hope/legotechnicracingyacht_1.jpg
legotechnicracingyacht,Source/legotechnicracingyacht.jpg,Hope/legotechnicracingyacht_2.jpg
legotechnicracingyacht,Source/legotechnicracingyacht.jpg,Hope/legotechnicracingyacht_3.jpg
legotechnicroadworkcrew,Source/legotechnicroadworkcrew.jpg,Expect/legotechnicroadworkcrew_1.jpg
legotechnicroadworkcrew,Source/legotechnicroadworkcrew.jpg,Expect/legotechnicroadworkcrew_2.jpg
legotechnicroadworkcrew,Source/legotechnicroadworkcrew.jpg,Hope/legotechnicroadworkcrew_1.jpg
legotechnicroadworkcrew,Source/legotechnicroadworkcrew.jpg,Hope/legotechnicroadworkcrew_2.jpg
legotechnicroadworkcrew,Source/legotechnicroadworkcrew.jpg,Hope/legotechnicroadworkcrew_3.jpg
legothejusticeleagueanniversaryparty,Source/legothejusticeleagueanniversaryparty.jpg,Expect/legothejusticeleagueanniversaryparty_1.jpg
legothejusticeleagueanniversaryparty,Source/legothejusticeleagueanniversaryparty.jpg,Expect/legothejusticeleagueanniversaryparty_2.jpg
legothejusticeleagueanniversaryparty,Source/legothejusticeleagueanniversaryparty.jpg,Hope/legothejusticeleagueanniversaryparty_1.jpg
legothejusticeleagueanniversaryparty,Source/legothejusticeleagueanniversaryparty.jpg,Hope/legothejusticeleagueanniversaryparty_2.jpg
legothejusticeleagueanniversaryparty,Source/legothejusticeleagueanniversaryparty.jpg,Hope/legothejusticeleagueanniversaryparty_3.jpg
legounikittycloudcar,Source/legounikittycloudcar.jpg,Expect/legounikittycloudcar_1.jpg
legounikittycloudcar,Source/legounikittycloudcar.jpg,Expect/legounikittycloudcar_2.jpg
legounikittycloudcar,Source/legounikittycloudcar.jpg,Hope/legounikittycloudcar_1.jpg
legounikittycloudcar,Source/legounikittycloudcar.jpg,Hope/legounikittycloudcar_2.jpg
legounikittycloudcar,Source/legounikittycloudcar.jpg,Hope/legounikittycloudcar_3.jpg
Loreal6,Source/Loreal6.png,Expect/Loreal6_1.jpg
Loreal6,Source/Loreal6.png,Expect/Loreal6_2.jpg
Loreal6,Source/Loreal6.png,Hope/Loreal6_1.jpg
Loreal6,Source/Loreal6.png,Hope/Loreal6_2.jpg
Loreal6,Source/Loreal6.png,Hope/Loreal6_3.jpg
Loreal612G,Source/Loreal612G.png,Expect/Loreal612G_1.jpg
Loreal612G,Source/Loreal612G.png,Expect/Loreal612G_2.jpg
Loreal612G,Source/Loreal612G.png,Hope/Loreal612G_1.jpg
Loreal612G,Source/Loreal612G.png,Hope/Loreal612G_2.jpg
Loreal612G,Source/Loreal612G.png,Hope/Loreal612G_3.jpg
LorealLB02,Source/LorealLB02.png,Expect/LorealLB02_1.jpg
LorealLB02,Source/LorealLB02.png,Expect/LorealLB02_2.jpg
LorealLB02,Source/LorealLB02.png,Hope/LorealLB02_1.jpg
LorealLB02,Source/LorealLB02.png,Hope/LorealLB02_2.jpg
LorealLB02,Source/LorealLB02.png,Hope/LorealLB02_3.jpg
munkpackproteincookieoatmealraisinspice,Source/munkpackproteincookieoatmealraisinspice.jpg,Expect/munkpackproteincookieoatmealraisinspice_1.jpg
munkpackproteincookieoatmealraisinspice,Source/munkpackproteincookieoatmealraisinspice.jpg,Expect/munkpackproteincookieoatmealraisinspice_2.jpg
munkpackproteincookieoatmealraisinspice,Source/munkpackproteincookieoatmealraisinspice.jpg,Hope/munkpackproteincookieoatmealraisinspice_1.jpg
munkpackproteincookieoatmealraisinspice,Source/munkpackproteincookieoatmealraisinspice.jpg,Hope/munkpackproteincookieoatmealraisinspice_2.jpg
munkpackproteincookieoatmealraisinspice,Source/munkpackproteincookieoatmealraisinspice.jpg,Hope/munkpackproteincookieoatmealraisinspice_3.jpg
MyCashRegister,Source/MyCashRegister.png,Expect/MyCashRegister_1.jpg
MyCashRegister,Source/MyCashRegister.png,Expect/MyCashRegister_2.jpg
MyCashRegister,Source/MyCashRegister.png,Hope/MyCashRegister_1.jpg
MyCashRegister,Source/MyCashRegister.png,Hope/MyCashRegister_2.jpg
MyCashRegister,Source/MyCashRegister.png,Hope/MyCashRegister_3.jpg
naturemade,Source/naturemade.png,Expect/naturemade_1.jpg
naturemade,Source/naturemade.png,Expect/naturemade_2.jpg
naturemade,Source/naturemade.png,Hope/naturemade_1.jpg
naturemade,Source/naturemade.png,Hope/naturemade_2.jpg
naturemade,Source/naturemade.png,Hope/naturemade_3.jpg
oatmegachocolatepeanut,Source/oatmegachocolatepeanut.jpg,Expect/oatmegachocolatepeanut_1.jpg
oatmegachocolatepeanut,Source/oatmegachocolatepeanut.jpg,Expect/oatmegachocolatepeanut_2.jpg
oatmegachocolatepeanut,Source/oatmegachocolatepeanut.jpg,Hope/oatmegachocolatepeanut_1.jpg
oatmegachocolatepeanut,Source/oatmegachocolatepeanut.jpg,Hope/oatmegachocolatepeanut_2.jpg
oatmegachocolatepeanut,Source/oatmegachocolatepeanut.jpg,Hope/oatmegachocolatepeanut_3.jpg
Ocuvite,Source/Ocuvite.png,Expect/Ocuvite_1.jpg
Ocuvite,Source/Ocuvite.png,Expect/Ocuvite_2.jpg
Ocuvite,Source/Ocuvite.png,Hope/Ocuvite_1.jpg
Ocuvite,Source/Ocuvite.png,Hope/Ocuvite_2.jpg
Ocuvite,Source/Ocuvite.png,Hope/Ocuvite_3.jpg
ollyproteinbarchocolatecoconutchip,Source/ollyproteinbarchocolatecoconutchip.jpg,Expect/ollyproteinbarchocolatecoconutchip_1.jpg
ollyproteinbarchocolatecoconutchip,Source/ollyproteinbarchocolatecoconutchip.jpg,Expect/ollyproteinbarchocolatecoconutchip_2.jpg
ollyproteinbarchocolatecoconutchip,Source/ollyproteinbarchocolatecoconutchip.jpg,Hope/ollyproteinbarchocolatecoconutchip_1.jpg
ollyproteinbarchocolatecoconutchip,Source/ollyproteinbarchocolatecoconutchip.jpg,Hope/ollyproteinbarchocolatecoconutchip_2.jpg
ollyproteinbarchocolatecoconutchip,Source/ollyproteinbarchocolatecoconutchip.jpg,Hope/ollyproteinbarchocolatecoconutchip_3.jpg
ollyproteinbarpeanutbutterchocolate,Source/ollyproteinbarpeanutbutterchocolate.jpg,Expect/ollyproteinbarpeanutbutterchocolate_1.jpg
ollyproteinbarpeanutbutterchocolate,Source/ollyproteinbarpeanutbutterchocolate.jpg,Expect/ollyproteinbarpeanutbutterchocolate_2.jpg
ollyproteinbarpeanutbutterchocolate,Source/ollyproteinbarpeanutbutterchocolate.jpg,Hope/ollyproteinbarpeanutbutterchocolate_1.jpg
ollyproteinbarpeanutbutterchocolate,Source/ollyproteinbarpeanutbutterchocolate.jpg,Hope/ollyproteinbarpeanutbutterchocolate_2.jpg
ollyproteinbarpeanutbutterchocolate,Source/ollyproteinbarpeanutbutterchocolate.jpg,Hope/ollyproteinbarpeanutbutterchocolate_3.jpg
ollyproteinbarssaltedcaramelchocolate,Source/ollyproteinbarssaltedcaramelchocolate.jpg,Expect/ollyproteinbarssaltedcaramelchocolate_1.jpg
ollyproteinbarssaltedcaramelchocolate,Source/ollyproteinbarssaltedcaramelchocolate.jpg,Expect/ollyproteinbarssaltedcaramelchocolate_2.jpg
ollyproteinbarssaltedcaramelchocolate,Source/ollyproteinbarssaltedcaramelchocolate.jpg,Hope/ollyproteinbarssaltedcaramelchocolate_1.jpg
ollyproteinbarssaltedcaramelchocolate,Source/ollyproteinbarssaltedcaramelchocolate.jpg,Hope/ollyproteinbarssaltedcaramelchocolate_2.jpg
ollyproteinbarssaltedcaramelchocolate,Source/ollyproteinbarssaltedcaramelchocolate.jpg,Hope/ollyproteinbarssaltedcaramelchocolate_3.jpg
ollyproteinbarzestylemoncreme,Source/ollyproteinbarzestylemoncreme.jpg,Expect/ollyproteinbarzestylemoncreme_1.jpg
ollyproteinbarzestylemoncreme,Source/ollyproteinbarzestylemoncreme.jpg,Expect/ollyproteinbarzestylemoncreme_2.jpg
ollyproteinbarzestylemoncreme,Source/ollyproteinbarzestylemoncreme.jpg,Hope/ollyproteinbarzestylemoncreme_1.jpg
ollyproteinbarzestylemoncreme,Source/ollyproteinbarzestylemoncreme.jpg,Hope/ollyproteinbarzestylemoncreme_2.jpg
ollyproteinbarzestylemoncreme,Source/ollyproteinbarzestylemoncreme.jpg,Hope/ollyproteinbarzestylemoncreme_3.jpg
Optifree,Source/Optifree.jpg,Expect/Optifree_1.jpg
Optifree,Source/Optifree.jpg,Expect/Optifree_2.jpg
Optifree,Source/Optifree.jpg,Hope/Optifree_1.jpg
Optifree,Source/Optifree.jpg,Hope/Optifree_2.jpg
Optifree,Source/Optifree.jpg,Hope/Optifree_3.jpg
pepperminttea,Source/pepperminttea.jpg,Expect/pepperminttea_1.jpg
pepperminttea,Source/pepperminttea.jpg,Expect/pepperminttea_2.jpg
pepperminttea,Source/pepperminttea.jpg,Hope/pepperminttea_1.jpg
pepperminttea,Source/pepperminttea.jpg,Hope/pepperminttea_2.jpg
pepperminttea,Source/pepperminttea.jpg,Hope/pepperminttea_3.jpg
pureproteinbardarkchocolatecocount,Source/pureproteinbardarkchocolatecocount.jpg,Expect/pureproteinbardarkchocolatecocount_1.jpg
pureproteinbardarkchocolatecocount,Source/pureproteinbardarkchocolatecocount.jpg,Expect/pureproteinbardarkchocolatecocount_2.jpg
pureproteinbardarkchocolatecocount,Source/pureproteinbardarkchocolatecocount.jpg,Hope/pureproteinbardarkchocolatecocount_1.jpg
pureproteinbardarkchocolatecocount,Source/pureproteinbardarkchocolatecocount.jpg,Hope/pureproteinbardarkchocolatecocount_2.jpg
pureproteinbardarkchocolatecocount,Source/pureproteinbardarkchocolatecocount.jpg,Hope/pureproteinbardarkchocolatecocount_3.jpg
ramenbroth,Source/ramenbroth.png,Expect/ramenbroth_1.jpg
ramenbroth,Source/ramenbroth.png,Expect/ramenbroth_2.jpg
ramenbroth,Source/ramenbroth.png,Hope/ramenbroth_1.jpg
ramenbroth,Source/ramenbroth.png,Hope/ramenbroth_2.jpg
ramenbroth,Source/ramenbroth.png,Hope/ramenbroth_3.jpg
Replenish,Source/Replenish.png,Expect/Replenish_1.jpg
Replenish,Source/Replenish.png,Expect/Replenish_2.jpg
Replenish,Source/Replenish.png,Hope/Replenish_1.jpg
Replenish,Source/Replenish.png,Hope/Replenish_2.jpg
Replenish,Source/Replenish.png,Hope/Replenish_3.jpg
riseproteinalmondhoney,Source/riseproteinalmondhoney.jpg,Expect/riseproteinalmondhoney_1.jpg
riseproteinalmondhoney,Source/riseproteinalmondhoney.jpg,Expect/riseproteinalmondhoney_2.jpg
riseproteinalmondhoney,Source/riseproteinalmondhoney.jpg,Hope/riseproteinalmondhoney_1.jpg
riseproteinalmondhoney,Source/riseproteinalmondhoney.jpg,Hope/riseproteinalmondhoney_2.jpg
riseproteinalmondhoney,Source/riseproteinalmondhoney.jpg,Hope/riseproteinalmondhoney_3.jpg
Rohto,Source/Rohto.png,Expect/Rohto_1.jpg
Rohto,Source/Rohto.png,Expect/Rohto_2.jpg
Rohto,Source/Rohto.png,Hope/Rohto_1.jpg
Rohto,Source/Rohto.png,Hope/Rohto_2.jpg
Rohto,Source/Rohto.png,Hope/Rohto_3.jpg
RohtoCool,Source/RohtoCool.png,Expect/RohtoCool_1.jpg
RohtoCool,Source/RohtoCool.png,Expect/RohtoCool_2.jpg
RohtoCool,Source/RohtoCool.png,Hope/RohtoCool_1.jpg
RohtoCool,Source/RohtoCool.png,Hope/RohtoCool_2.jpg
RohtoCool,Source/RohtoCool.png,Hope/RohtoCool_3.jpg
screenprotector,Source/screenprotector.png,Expect/screenprotector_1.jpg
screenprotector,Source/screenprotector.png,Expect/screenprotector_2.jpg
screenprotector,Source/screenprotector.png,Hope/screenprotector_1.jpg
screenprotector,Source/screenprotector.png,Hope/screenprotector_2.jpg
screenprotector,Source/screenprotector.png,Hope/screenprotector_3.jpg
sleepytime,Source/sleepytime.png,Expect/sleepytime_1.jpg
sleepytime,Source/sleepytime.png,Expect/sleepytime_2.jpg
sleepytime,Source/sleepytime.png,Hope/sleepytime_1.jpg
sleepytime,Source/sleepytime.png,Hope/sleepytime_2.jpg
sleepytime,Source/sleepytime.png,Hope/sleepytime_3.jpg
stashchaispice,Source/stashchaispice.jpg,Expect/stashchaispice_1.jpg
stashchaispice,Source/stashchaispice.jpg,Expect/stashchaispice_2.jpg
stashchaispice,Source/stashchaispice.jpg,Hope/stashchaispice_1.jpg
stashchaispice,Source/stashchaispice.jpg,Hope/stashchaispice_2.jpg
stashchaispice,Source/stashchaispice.jpg,Hope/stashchaispice_3.jpg
SwifferDuster,Source/SwifferDuster.png,Expect/SwifferDuster_1.jpg
SwifferDuster,Source/SwifferDuster.png,Expect/SwifferDuster_2.jpg
SwifferDuster,Source/SwifferDuster.png,Hope/SwifferDuster_1.jpg
SwifferDuster,Source/SwifferDuster.png,Hope/SwifferDuster_2.jpg
SwifferDuster,Source/SwifferDuster.png,Hope/SwifferDuster_3.jpg
SwifferSweeper,Source/SwifferSweeper.png,Expect/SwifferSweeper_1.jpg
SwifferSweeper,Source/SwifferSweeper.png,Expect/SwifferSweeper_2.jpg
SwifferSweeper,Source/SwifferSweeper.png,Hope/SwifferSweeper_1.jpg
SwifferSweeper,Source/SwifferSweeper.png,Hope/SwifferSweeper_2.jpg
SwifferSweeper,Source/SwifferSweeper.png,Hope/SwifferSweeper_3.jpg
systane,Source/systane.png,Expect/systane_1.jpg
systane,Source/systane.png,Expect/systane_2.jpg
systane,Source/systane.png,Hope/systane_1.jpg
systane,Source/systane.png,Hope/systane_2.jpg
systane,Source/systane.png,Hope/systane_3.jpg
vegaproteinbarchocolatepeanutbutter,Source/vegaproteinbarchocolatepeanutbutter.jpeg,Expect/vegaproteinbarchocolatepeanutbutter_1.jpg
vegaproteinbarchocolatepeanutbutter,Source/vegaproteinbarchocolatepeanutbutter.jpeg,Expect/vegaproteinbarchocolatepeanutbutter_2.jpg
vegaproteinbarchocolatepeanutbutter,Source/vegaproteinbarchocolatepeanutbutter.jpeg,Hope/vegaproteinbarchocolatepeanutbutter_1.jpg
vegaproteinbarchocolatepeanutbutter,Source/vegaproteinbarchocolatepeanutbutter.jpeg,Hope/vegaproteinbarchocolatepeanutbutter_2.jpg
vegaproteinbarchocolatepeanutbutter,Source/vegaproteinbarchocolatepeanutbutter.jpeg,Hope/vegaproteinbarchocolatepeanutbutter_3.jpg
vegaproteinbarsaltedcaramel,Source/vegaproteinbarsaltedcaramel.jpg,Expect/vegaproteinbarsaltedcaramel_1.jpg
vegaproteinbarsaltedcaramel,Source/vegaproteinbarsaltedcaramel.jpg,Expect/vegaproteinbarsaltedcaramel_2.jpg
vegaproteinbarsaltedcaramel,Source/vegaproteinbarsaltedcaramel.jpg,Hope/vegaproteinbarsaltedcaramel_1.jpg
vegaproteinbarsaltedcaramel,Source/vegaproteinbarsaltedcaramel.jpg,Hope/vegaproteinbarsaltedcaramel_2.jpg
vegaproteinbarsaltedcaramel,Source/vegaproteinbarsaltedcaramel.jpg,Hope/vegaproteinbarsaltedcaramel_3.jpg
vegaproteinsnackbarblueberryoat,Source/vegaproteinsnackbarblueberryoat.jpg,Expect/vegaproteinsnackbarblueberryoat_1.jpg
vegaproteinsnackbarblueberryoat,Source/vegaproteinsnackbarblueberryoat.jpg,Expect/vegaproteinsnackbarblueberryoat_2.jpg
vegaproteinsnackbarblueberryoat,Source/vegaproteinsnackbarblueberryoat.jpg,Hope/vegaproteinsnackbarblueberryoat_1.jpg
vegaproteinsnackbarblueberryoat,Source/vegaproteinsnackbarblueberryoat.jpg,Hope/vegaproteinsnackbarblueberryoat_2.jpg
vegaproteinsnackbarblueberryoat,Source/vegaproteinsnackbarblueberryoat.jpg,Hope/vegaproteinsnackbarblueberryoat_3.jpg
vegaproteinsnackbarcoconutalmond,Source/vegaproteinsnackbarcoconutalmond.jpg,Expect/vegaproteinsnackbarcoconutalmond_1.jpg
vegaproteinsnackbarcoconutalmond,Source/vegaproteinsnackbarcoconutalmond.jpg,Expect/vegaproteinsnackbarcoconutalmond_2.jpg
vegaproteinsnackbarcoconutalmond,Source/vegaproteinsnackbarcoconutalmond.jpg,Hope/vegaproteinsnackbarcoconutalmond_1.jpg
vegaproteinsnackbarcoconutalmond,Source/vegaproteinsnackbarcoconutalmond.jpg,Hope/vegaproteinsnackbarcoconutalmond_2.jpg
vegaproteinsnackbarcoconutalmond,Source/vegaproteinsnackbarcoconutalmond.jpg,Hope/vegaproteinsnackbarcoconutalmond_3.jpg
vegasportproteinbarcrunchypeanutbutter,Source/vegasportproteinbarcrunchypeanutbutter.jpg,Expect/vegasportproteinbarcrunchypeanutbutter_1.jpg
vegasportproteinbarcrunchypeanutbutter,Source/vegasportproteinbarcrunchypeanutbutter.jpg,Expect/vegasportproteinbarcrunchypeanutbutter_2.jpg
vegasportproteinbarcrunchypeanutbutter,Source/vegasportproteinbarcrunchypeanutbutter.jpg,Hope/vegasportproteinbarcrunchypeanutbutter_1.jpg
vegasportproteinbarcrunchypeanutbutter,Source/vegasportproteinbarcrunchypeanutbutter.jpg,Hope/vegasportproteinbarcrunchypeanutbutter_2.jpg
vegasportproteinbarcrunchypeanutbutter,Source/vegasportproteinbarcrunchypeanutbutter.jpg,Hope/vegasportproteinbarcrunchypeanutbutter_3.jpg
VisineAC,Source/VisineAC.png,Expect/VisineAC_1.jpg
VisineAC,Source/VisineAC.png,Expect/VisineAC_2.jpg
VisineAC,Source/VisineAC.png,Hope/VisineAC_1.jpg
VisineAC,Source/VisineAC.png,Hope/VisineAC_2.jpg
VisineAC,Source/VisineAC.png,Hope/VisineAC_3.jpg
visinecontacts,Source/visinecontacts.png,Expect/visinecontacts_1.jpg
visinecontacts,Source/visinecontacts.png,Expect/visinecontacts_2.jpg
visinecontacts,Source/visinecontacts.png,Hope/visinecontacts_1.jpg
visinecontacts,Source/visinecontacts.png,Hope/visinecontacts_2.jpg
visinecontacts,Source/visinecontacts.png,Hope/visinecontacts_3.jpg
VisineDryEye,Source/VisineDryEye.png,Expect/VisineDryEye_1.jpg
VisineDryEye,Source/VisineDryEye.png,Expect/VisineDryEye_2.jpg
VisineDryEye,Source/VisineDryEye.png,Hope/VisineDryEye_1.jpg
VisineDryEye,Source/VisineDryEye.png,Hope/VisineDryEye_2.jpg
VisineDryEye,Source/VisineDryEye.png,Hope/VisineDryEye_3.jpg
VisineOriginal,Source/VisineOriginal.png,Expect/VisineOriginal_1.jpg
VisineOriginal,Source/VisineOriginal.png,Expect/VisineOriginal_2.jpg
VisineOriginal,Source/VisineOriginal.png,Hope/VisineOriginal_1.jpg
VisineOriginal,Source/VisineOriginal.png,Hope/VisineOriginal_2.jpg
VisineOriginal,Source/VisineOriginal.png,Hope/VisineOriginal_3.jpg
VisineTotality,Source/VisineTotality.png,Expect/VisineTotality_1.jpg
VisineTotality,Source/VisineTotality.png,Expect/VisineTotality_2.jpg
VisineTotality,Source/VisineTotality.png,Hope/VisineTotality_1.jpg
VisineTotality,Source/VisineTotality.png,Hope/VisineTotality_2.jpg
VisineTotality,Source/VisineTotality.png,Hope/VisineTotality_3.jpg