Name ,Source,Trigger,Words
21ungarischetanze,Source/21ungarischetanze.jpg,Expect/21ungarischetanze_1.jpg,21
21ungarischetanze,Source/21ungarischetanze.jpg,Expect/21ungarischetanze_2.jpg,21
21ungarischetanze,Source/21ungarischetanze.jpg,Hope/21ungarischetanze_1.jpg,21
21ungarischetanze,Source/21ungarischetanze.jpg,Hope/21ungarischetanze_2.jpg,21
21ungarischetanze,Source/21ungarischetanze.jpg,Hope/21ungarischetanze_3.jpg,21
51songskidslove,Source/51songskidslove.jpg,Expect/51songskidslove_1.jpg,104
51songskidslove,Source/51songskidslove.jpg,Expect/51songskidslove_2.jpg,104
51songskidslove,Source/51songskidslove.jpg,Hope/51songskidslove_1.jpg,104
51songskidslove,Source/51songskidslove.jpg,Hope/51songskidslove_2.jpg,104
51songskidslove,Source/51songskidslove.jpg,Hope/51songskidslove_3.jpg,104
AbsoluteDisneyVol1,Source/AbsoluteDisneyVol1.jpg,Expect/AbsoluteDisneyVol1_1.jpg,4
AbsoluteDisneyVol1,Source/AbsoluteDisneyVol1.jpg,Expect/AbsoluteDisneyVol1_2.jpg,4
AbsoluteDisneyVol1,Source/AbsoluteDisneyVol1.jpg,Hope/AbsoluteDisneyVol1_1.jpg,4
AbsoluteDisneyVol1,Source/AbsoluteDisneyVol1.jpg,Hope/AbsoluteDisneyVol1_2.jpg,4
AbsoluteDisneyVol1,Source/AbsoluteDisneyVol1.jpg,Hope/AbsoluteDisneyVol1_3.jpg,4
AbsoluteDisneyVol2,Source/AbsoluteDisneyVol2.jpg,Expect/AbsoluteDisneyVol2_1.jpg,4
AbsoluteDisneyVol2,Source/AbsoluteDisneyVol2.jpg,Expect/AbsoluteDisneyVol2_2.jpg,4
AbsoluteDisneyVol2,Source/AbsoluteDisneyVol2.jpg,Hope/AbsoluteDisneyVol2_1.jpg,4
AbsoluteDisneyVol2,Source/AbsoluteDisneyVol2.jpg,Hope/AbsoluteDisneyVol2_2.jpg,4
AbsoluteDisneyVol2,Source/AbsoluteDisneyVol2.jpg,Hope/AbsoluteDisneyVol2_3.jpg,4
AbsoluteDisneyVol3,Source/AbsoluteDisneyVol3.jpg,Expect/AbsoluteDisneyVol3_1.jpg,4
AbsoluteDisneyVol3,Source/AbsoluteDisneyVol3.jpg,Expect/AbsoluteDisneyVol3_2.jpg,4
AbsoluteDisneyVol3,Source/AbsoluteDisneyVol3.jpg,Hope/AbsoluteDisneyVol3_1.jpg,4
AbsoluteDisneyVol3,Source/AbsoluteDisneyVol3.jpg,Hope/AbsoluteDisneyVol3_2.jpg,4
AbsoluteDisneyVol3,Source/AbsoluteDisneyVol3.jpg,Hope/AbsoluteDisneyVol3_3.jpg,4
adambomb,Source/adambomb.png,Expect/adambomb_1.jpg,5
adambomb,Source/adambomb.png,Expect/adambomb_2.jpg,5
adambomb,Source/adambomb.png,Hope/adambomb_1.jpg,5
adambomb,Source/adambomb.png,Hope/adambomb_2.jpg,5
adambomb,Source/adambomb.png,Hope/adambomb_3.jpg,5
adele,Source/adele.png,Expect/adele_1.jpg,2
adele,Source/adele.png,Expect/adele_2.jpg,2
adele,Source/adele.png,Hope/adele_1.jpg,2
adele,Source/adele.png,Hope/adele_2.jpg,2
adele,Source/adele.png,Hope/adele_3.jpg,2
albinoniadagiopachelbelcanon,Source/albinoniadagiopachelbelcanon.jpeg,Expect/albinoniadagiopachelbelcanon_1.jpg,19
albinoniadagiopachelbelcanon,Source/albinoniadagiopachelbelcanon.jpeg,Expect/albinoniadagiopachelbelcanon_2.jpg,19
albinoniadagiopachelbelcanon,Source/albinoniadagiopachelbelcanon.jpeg,Hope/albinoniadagiopachelbelcanon_1.jpg,19
albinoniadagiopachelbelcanon,Source/albinoniadagiopachelbelcanon.jpeg,Hope/albinoniadagiopachelbelcanon_2.jpg,19
albinoniadagiopachelbelcanon,Source/albinoniadagiopachelbelcanon.jpeg,Hope/albinoniadagiopachelbelcanon_3.jpg,19
alicecooper,Source/alicecooper.png,Expect/alicecooper_1.jpg,10
alicecooper,Source/alicecooper.png,Expect/alicecooper_2.jpg,10
alicecooper,Source/alicecooper.png,Hope/alicecooper_1.jpg,10
alicecooper,Source/alicecooper.png,Hope/alicecooper_2.jpg,10
alicecooper,Source/alicecooper.png,Hope/alicecooper_3.jpg,10
anitaliansongbook,Source/anitaliansongbook.jpg,Expect/anitaliansongbook_1.jpg,12
anitaliansongbook,Source/anitaliansongbook.jpg,Expect/anitaliansongbook_2.jpg,12
anitaliansongbook,Source/anitaliansongbook.jpg,Hope/anitaliansongbook_1.jpg,12
anitaliansongbook,Source/anitaliansongbook.jpg,Hope/anitaliansongbook_2.jpg,12
anitaliansongbook,Source/anitaliansongbook.jpg,Hope/anitaliansongbook_3.jpg,12
anthonyhamilton,Source/anthonyhamilton.png,Expect/anthonyhamilton_1.jpg,5
anthonyhamilton,Source/anthonyhamilton.png,Expect/anthonyhamilton_2.jpg,5
anthonyhamilton,Source/anthonyhamilton.png,Hope/anthonyhamilton_1.jpg,5
anthonyhamilton,Source/anthonyhamilton.png,Hope/anthonyhamilton_2.jpg,5
anthonyhamilton,Source/anthonyhamilton.png,Hope/anthonyhamilton_3.jpg,5
babydriver,Source/babydriver.png,Expect/babydriver_1.jpg,8
babydriver,Source/babydriver.png,Expect/babydriver_2.jpg,8
babydriver,Source/babydriver.png,Hope/babydriver_1.jpg,8
babydriver,Source/babydriver.png,Hope/babydriver_2.jpg,8
babydriver,Source/babydriver.png,Hope/babydriver_3.jpg,8
babydriverv2,Source/babydriverv2.png,Expect/babydriverv2_1.jpg,9
babydriverv2,Source/babydriverv2.png,Expect/babydriverv2_2.jpg,9
babydriverv2,Source/babydriverv2.png,Hope/babydriverv2_1.jpg,9
babydriverv2,Source/babydriverv2.png,Hope/babydriverv2_2.jpg,9
babydriverv2,Source/babydriverv2.png,Hope/babydriverv2_3.jpg,9
babyonemoretime,Source/babyonemoretime.jpg,Expect/babyonemoretime_1.jpg,6
babyonemoretime,Source/babyonemoretime.jpg,Expect/babyonemoretime_2.jpg,6
babyonemoretime,Source/babyonemoretime.jpg,Hope/babyonemoretime_1.jpg,6
babyonemoretime,Source/babyonemoretime.jpg,Hope/babyonemoretime_2.jpg,6
babyonemoretime,Source/babyonemoretime.jpg,Hope/babyonemoretime_3.jpg,6
bamboo,Source/bamboo.jpg,Expect/bamboo_1.jpg,4
bamboo,Source/bamboo.jpg,Expect/bamboo_2.jpg,4
bamboo,Source/bamboo.jpg,Hope/bamboo_1.jpg,4
bamboo,Source/bamboo.jpg,Hope/bamboo_2.jpg,4
bamboo,Source/bamboo.jpg,Hope/bamboo_3.jpg,4
beethovensymphonies4and5,Source/beethovensymphonies4and5.jpg,Expect/beethovensymphonies4and5_1.jpg,12
beethovensymphonies4and5,Source/beethovensymphonies4and5.jpg,Expect/beethovensymphonies4and5_2.jpg,12
beethovensymphonies4and5,Source/beethovensymphonies4and5.jpg,Hope/beethovensymphonies4and5_1.jpg,12
beethovensymphonies4and5,Source/beethovensymphonies4and5.jpg,Hope/beethovensymphonies4and5_2.jpg,12
beethovensymphonies4and5,Source/beethovensymphonies4and5.jpg,Hope/beethovensymphonies4and5_3.jpg,12
beethovenyoyomaemanuelax,Source/beethovenyoyomaemanuelax.jpg,Expect/beethovenyoyomaemanuelax_1.jpg,19
beethovenyoyomaemanuelax,Source/beethovenyoyomaemanuelax.jpg,Expect/beethovenyoyomaemanuelax_2.jpg,19
beethovenyoyomaemanuelax,Source/beethovenyoyomaemanuelax.jpg,Hope/beethovenyoyomaemanuelax_1.jpg,19
beethovenyoyomaemanuelax,Source/beethovenyoyomaemanuelax.jpg,Hope/beethovenyoyomaemanuelax_2.jpg,19
beethovenyoyomaemanuelax,Source/beethovenyoyomaemanuelax.jpg,Hope/beethovenyoyomaemanuelax_3.jpg,19
bemylove,Source/bemylove.jpg,Expect/bemylove_1.jpg,9
bemylove,Source/bemylove.jpg,Expect/bemylove_2.jpg,9
bemylove,Source/bemylove.jpg,Hope/bemylove_1.jpg,9
bemylove,Source/bemylove.jpg,Hope/bemylove_2.jpg,9
bemylove,Source/bemylove.jpg,Hope/bemylove_3.jpg,9
bestofjimihendrix,Source/bestofjimihendrix.png,Expect/bestofjimihendrix_1.jpg,7
bestofjimihendrix,Source/bestofjimihendrix.png,Expect/bestofjimihendrix_2.jpg,7
bestofjimihendrix,Source/bestofjimihendrix.png,Hope/bestofjimihendrix_1.jpg,7
bestofjimihendrix,Source/bestofjimihendrix.png,Hope/bestofjimihendrix_2.jpg,7
bestofjimihendrix,Source/bestofjimihendrix.png,Hope/bestofjimihendrix_3.jpg,7
BestOfRaffi,Source/BestOfRaffi.jpg,Expect/BestOfRaffi_1.jpg,3
BestOfRaffi,Source/BestOfRaffi.jpg,Expect/BestOfRaffi_2.jpg,3
BestOfRaffi,Source/BestOfRaffi.jpg,Hope/BestOfRaffi_1.jpg,3
BestOfRaffi,Source/BestOfRaffi.jpg,Hope/BestOfRaffi_2.jpg,3
BestOfRaffi,Source/BestOfRaffi.jpg,Hope/BestOfRaffi_3.jpg,3
billwithers,Source/billwithers.png,Expect/billwithers_1.jpg,8
billwithers,Source/billwithers.png,Expect/billwithers_2.jpg,8
billwithers,Source/billwithers.png,Hope/billwithers_1.jpg,8
billwithers,Source/billwithers.png,Hope/billwithers_2.jpg,8
billwithers,Source/billwithers.png,Hope/billwithers_3.jpg,8
bizet,Source/bizet.jpg,Expect/bizet_1.jpg,24
bizet,Source/bizet.jpg,Expect/bizet_2.jpg,24
bizet,Source/bizet.jpg,Hope/bizet_1.jpg,24
bizet,Source/bizet.jpg,Hope/bizet_2.jpg,24
bizet,Source/bizet.jpg,Hope/bizet_3.jpg,24
blacksabbath,Source/blacksabbath.png,Expect/blacksabbath_1.jpg,18
blacksabbath,Source/blacksabbath.png,Expect/blacksabbath_2.jpg,18
blacksabbath,Source/blacksabbath.png,Hope/blacksabbath_1.jpg,18
blacksabbath,Source/blacksabbath.png,Hope/blacksabbath_2.jpg,18
blacksabbath,Source/blacksabbath.png,Hope/blacksabbath_3.jpg,18
blacksummersnight,Source/blacksummersnight.png,Expect/blacksummersnight_1.jpg,4
blacksummersnight,Source/blacksummersnight.png,Expect/blacksummersnight_2.jpg,4
blacksummersnight,Source/blacksummersnight.png,Hope/blacksummersnight_1.jpg,4
blacksummersnight,Source/blacksummersnight.png,Hope/blacksummersnight_2.jpg,4
blacksummersnight,Source/blacksummersnight.png,Hope/blacksummersnight_3.jpg,4
bloodondancefloor,Source/bloodondancefloor.png,Expect/bloodondancefloor_1.jpg,11
bloodondancefloor,Source/bloodondancefloor.png,Expect/bloodondancefloor_2.jpg,11
bloodondancefloor,Source/bloodondancefloor.png,Hope/bloodondancefloor_1.jpg,11
bloodondancefloor,Source/bloodondancefloor.png,Hope/bloodondancefloor_2.jpg,11
bloodondancefloor,Source/bloodondancefloor.png,Hope/bloodondancefloor_3.jpg,11
bobmarley,Source/bobmarley.png,Expect/bobmarley_1.jpg,9
bobmarley,Source/bobmarley.png,Expect/bobmarley_2.jpg,9
bobmarley,Source/bobmarley.png,Hope/bobmarley_1.jpg,9
bobmarley,Source/bobmarley.png,Hope/bobmarley_2.jpg,9
bobmarley,Source/bobmarley.png,Hope/bobmarley_3.jpg,9
brahmspianosonatano3,Source/brahmspianosonatano3.jpg,Expect/brahmspianosonatano3_1.jpg,18
brahmspianosonatano3,Source/brahmspianosonatano3.jpg,Expect/brahmspianosonatano3_2.jpg,18
brahmspianosonatano3,Source/brahmspianosonatano3.jpg,Hope/brahmspianosonatano3_1.jpg,18
brahmspianosonatano3,Source/brahmspianosonatano3.jpg,Hope/brahmspianosonatano3_2.jpg,18
brahmspianosonatano3,Source/brahmspianosonatano3.jpg,Hope/brahmspianosonatano3_3.jpg,18
brahmssymphonieno3,Source/brahmssymphonieno3.jpg,Expect/brahmssymphonieno3_1.jpg,19
brahmssymphonieno3,Source/brahmssymphonieno3.jpg,Expect/brahmssymphonieno3_2.jpg,19
brahmssymphonieno3,Source/brahmssymphonieno3.jpg,Hope/brahmssymphonieno3_1.jpg,19
brahmssymphonieno3,Source/brahmssymphonieno3.jpg,Hope/brahmssymphonieno3_2.jpg,19
brahmssymphonieno3,Source/brahmssymphonieno3.jpg,Hope/brahmssymphonieno3_3.jpg,19
brahmssymphonieno4,Source/brahmssymphonieno4.jpg,Expect/brahmssymphonieno4_1.jpg,22
brahmssymphonieno4,Source/brahmssymphonieno4.jpg,Expect/brahmssymphonieno4_2.jpg,22
brahmssymphonieno4,Source/brahmssymphonieno4.jpg,Hope/brahmssymphonieno4_1.jpg,22
brahmssymphonieno4,Source/brahmssymphonieno4.jpg,Hope/brahmssymphonieno4_2.jpg,22
brahmssymphonieno4,Source/brahmssymphonieno4.jpg,Hope/brahmssymphonieno4_3.jpg,22
butterflylovers,Source/butterflylovers.jpg,Expect/butterflylovers_1.jpg,35
butterflylovers,Source/butterflylovers.jpg,Expect/butterflylovers_2.jpg,35
butterflylovers,Source/butterflylovers.jpg,Hope/butterflylovers_1.jpg,35
butterflylovers,Source/butterflylovers.jpg,Hope/butterflylovers_2.jpg,35
butterflylovers,Source/butterflylovers.jpg,Hope/butterflylovers_3.jpg,35
camila,Source/camila.png,Expect/camila_1.jpg,1
camila,Source/camila.png,Expect/camila_2.jpg,1
camila,Source/camila.png,Hope/camila_1.jpg,1
camila,Source/camila.png,Hope/camila_2.jpg,1
camila,Source/camila.png,Hope/camila_3.jpg,1
carusoinsong,Source/carusoinsong.jpg,Expect/carusoinsong_1.jpg,7
carusoinsong,Source/carusoinsong.jpg,Expect/carusoinsong_2.jpg,7
carusoinsong,Source/carusoinsong.jpg,Hope/carusoinsong_1.jpg,7
carusoinsong,Source/carusoinsong.jpg,Hope/carusoinsong_2.jpg,7
carusoinsong,Source/carusoinsong.jpg,Hope/carusoinsong_3.jpg,7
chantdamour,Source/chantdamour.jpg,Expect/chantdamour_1.jpg,12
chantdamour,Source/chantdamour.jpg,Expect/chantdamour_2.jpg,12
chantdamour,Source/chantdamour.jpg,Hope/chantdamour_1.jpg,12
chantdamour,Source/chantdamour.jpg,Hope/chantdamour_2.jpg,12
chantdamour,Source/chantdamour.jpg,Hope/chantdamour_3.jpg,12
charliebrownchristmas,Source/charliebrownchristmas.jpeg,Expect/charliebrownchristmas_1.jpg,24
charliebrownchristmas,Source/charliebrownchristmas.jpeg,Expect/charliebrownchristmas_2.jpg,24
charliebrownchristmas,Source/charliebrownchristmas.jpeg,Hope/charliebrownchristmas_1.jpg,24
charliebrownchristmas,Source/charliebrownchristmas.jpeg,Hope/charliebrownchristmas_2.jpg,24
charliebrownchristmas,Source/charliebrownchristmas.jpeg,Hope/charliebrownchristmas_3.jpg,24
chopinjonnakamatsu,Source/chopinjonnakamatsu.jpg,Expect/chopinjonnakamatsu_1.jpg,36
chopinjonnakamatsu,Source/chopinjonnakamatsu.jpg,Expect/chopinjonnakamatsu_2.jpg,36
chopinjonnakamatsu,Source/chopinjonnakamatsu.jpg,Hope/chopinjonnakamatsu_1.jpg,36
chopinjonnakamatsu,Source/chopinjonnakamatsu.jpg,Hope/chopinjonnakamatsu_2.jpg,36
chopinjonnakamatsu,Source/chopinjonnakamatsu.jpg,Hope/chopinjonnakamatsu_3.jpg,36
christinaaguilera,Source/christinaaguilera.png,Expect/christinaaguilera_1.jpg,0
christinaaguilera,Source/christinaaguilera.png,Expect/christinaaguilera_2.jpg,0
christinaaguilera,Source/christinaaguilera.png,Hope/christinaaguilera_1.jpg,0
christinaaguilera,Source/christinaaguilera.png,Hope/christinaaguilera_2.jpg,0
christinaaguilera,Source/christinaaguilera.png,Hope/christinaaguilera_3.jpg,0
confessions,Source/confessions.png,Expect/confessions_1.jpg,1
confessions,Source/confessions.png,Expect/confessions_2.jpg,1
confessions,Source/confessions.png,Hope/confessions_1.jpg,1
confessions,Source/confessions.png,Hope/confessions_2.jpg,1
confessions,Source/confessions.png,Hope/confessions_3.jpg,1
crypretty,Source/crypretty.png,Expect/crypretty_1.jpg,4
crypretty,Source/crypretty.png,Expect/crypretty_2.jpg,4
crypretty,Source/crypretty.png,Hope/crypretty_1.jpg,4
crypretty,Source/crypretty.png,Hope/crypretty_2.jpg,4
crypretty,Source/crypretty.png,Hope/crypretty_3.jpg,4
deadmans,Source/deadmans.png,Expect/deadmans_1.jpg,5
deadmans,Source/deadmans.png,Expect/deadmans_2.jpg,5
deadmans,Source/deadmans.png,Hope/deadmans_1.jpg,5
deadmans,Source/deadmans.png,Hope/deadmans_2.jpg,5
deadmans,Source/deadmans.png,Hope/deadmans_3.jpg,5
Descendants,Source/Descendants.jpg,Expect/Descendants_1.jpg,2
Descendants,Source/Descendants.jpg,Expect/Descendants_2.jpg,2
Descendants,Source/Descendants.jpg,Hope/Descendants_1.jpg,2
Descendants,Source/Descendants.jpg,Hope/Descendants_2.jpg,2
Descendants,Source/Descendants.jpg,Hope/Descendants_3.jpg,2
DespicableMe3,Source/DespicableMe3.jpg,Expect/DespicableMe3_1.jpg,16
DespicableMe3,Source/DespicableMe3.jpg,Expect/DespicableMe3_2.jpg,16
DespicableMe3,Source/DespicableMe3.jpg,Hope/DespicableMe3_1.jpg,16
DespicableMe3,Source/DespicableMe3.jpg,Hope/DespicableMe3_2.jpg,16
DespicableMe3,Source/DespicableMe3.jpg,Hope/DespicableMe3_3.jpg,16
deutschegrammophon,Source/deutschegrammophon.jpg,Expect/deutschegrammophon_1.jpg,22
deutschegrammophon,Source/deutschegrammophon.jpg,Expect/deutschegrammophon_2.jpg,22
deutschegrammophon,Source/deutschegrammophon.jpg,Hope/deutschegrammophon_1.jpg,22
deutschegrammophon,Source/deutschegrammophon.jpg,Hope/deutschegrammophon_2.jpg,22
deutschegrammophon,Source/deutschegrammophon.jpg,Hope/deutschegrammophon_3.jpg,22
dhkhaled,Source/dhkhaled.png,Expect/dhkhaled_1.jpg,7
dhkhaled,Source/dhkhaled.png,Expect/dhkhaled_2.jpg,7
dhkhaled,Source/dhkhaled.png,Hope/dhkhaled_1.jpg,7
dhkhaled,Source/dhkhaled.png,Hope/dhkhaled_2.jpg,7
dhkhaled,Source/dhkhaled.png,Hope/dhkhaled_3.jpg,7
diefledermaus,Source/diefledermaus.jpg,Expect/diefledermaus_1.jpg,26
diefledermaus,Source/diefledermaus.jpg,Expect/diefledermaus_2.jpg,26
diefledermaus,Source/diefledermaus.jpg,Hope/diefledermaus_1.jpg,26
diefledermaus,Source/diefledermaus.jpg,Hope/diefledermaus_2.jpg,26
diefledermaus,Source/diefledermaus.jpg,Hope/diefledermaus_3.jpg,26
DisneyChildrensFavVol1,Source/DisneyChildrensFavVol1.jpg,Expect/DisneyChildrensFavVol1_1.jpg,11
DisneyChildrensFavVol1,Source/DisneyChildrensFavVol1.jpg,Expect/DisneyChildrensFavVol1_2.jpg,11
DisneyChildrensFavVol1,Source/DisneyChildrensFavVol1.jpg,Hope/DisneyChildrensFavVol1_1.jpg,11
DisneyChildrensFavVol1,Source/DisneyChildrensFavVol1.jpg,Hope/DisneyChildrensFavVol1_2.jpg,11
DisneyChildrensFavVol1,Source/DisneyChildrensFavVol1.jpg,Hope/DisneyChildrensFavVol1_3.jpg,11
DisneyKaraokeSeries,Source/DisneyKaraokeSeries.jpg,Expect/DisneyKaraokeSeries_1.jpg,8
DisneyKaraokeSeries,Source/DisneyKaraokeSeries.jpg,Expect/DisneyKaraokeSeries_2.jpg,8
DisneyKaraokeSeries,Source/DisneyKaraokeSeries.jpg,Hope/DisneyKaraokeSeries_1.jpg,8
DisneyKaraokeSeries,Source/DisneyKaraokeSeries.jpg,Hope/DisneyKaraokeSeries_2.jpg,8
DisneyKaraokeSeries,Source/DisneyKaraokeSeries.jpg,Hope/DisneyKaraokeSeries_3.jpg,8
DisneyKaraokeSeriesMoana,Source/DisneyKaraokeSeriesMoana.jpg,Expect/DisneyKaraokeSeriesMoana_1.jpg,5
DisneyKaraokeSeriesMoana,Source/DisneyKaraokeSeriesMoana.jpg,Expect/DisneyKaraokeSeriesMoana_2.jpg,5
DisneyKaraokeSeriesMoana,Source/DisneyKaraokeSeriesMoana.jpg,Hope/DisneyKaraokeSeriesMoana_1.jpg,5
DisneyKaraokeSeriesMoana,Source/DisneyKaraokeSeriesMoana.jpg,Hope/DisneyKaraokeSeriesMoana_2.jpg,5
DisneyKaraokeSeriesMoana,Source/DisneyKaraokeSeriesMoana.jpg,Hope/DisneyKaraokeSeriesMoana_3.jpg,5
dualipa,Source/dualipa.png,Expect/dualipa_1.jpg,4
dualipa,Source/dualipa.png,Expect/dualipa_2.jpg,4
dualipa,Source/dualipa.png,Hope/dualipa_1.jpg,4
dualipa,Source/dualipa.png,Hope/dualipa_2.jpg,4
dualipa,Source/dualipa.png,Hope/dualipa_3.jpg,4
durk,Source/durk.png,Expect/durk_1.jpg,8
durk,Source/durk.png,Expect/durk_2.jpg,8
durk,Source/durk.png,Hope/durk_1.jpg,8
durk,Source/durk.png,Hope/durk_2.jpg,8
durk,Source/durk.png,Hope/durk_3.jpg,8
elvisanafternoon,Source/elvisanafternoon.png,Expect/elvisanafternoon_1.jpg,6
elvisanafternoon,Source/elvisanafternoon.png,Expect/elvisanafternoon_2.jpg,6
elvisanafternoon,Source/elvisanafternoon.png,Hope/elvisanafternoon_1.jpg,6
elvisanafternoon,Source/elvisanafternoon.png,Hope/elvisanafternoon_2.jpg,6
elvisanafternoon,Source/elvisanafternoon.png,Hope/elvisanafternoon_3.jpg,6
elviscountry,Source/elviscountry.jpg,Expect/elviscountry_1.jpg,156
elviscountry,Source/elviscountry.jpg,Expect/elviscountry_2.jpg,156
elviscountry,Source/elviscountry.jpg,Hope/elviscountry_1.jpg,156
elviscountry,Source/elviscountry.jpg,Hope/elviscountry_2.jpg,156
elviscountry,Source/elviscountry.jpg,Hope/elviscountry_3.jpg,156
encore,Source/encore.jpg,Expect/encore_1.jpg,12
encore,Source/encore.jpg,Expect/encore_2.jpg,12
encore,Source/encore.jpg,Hope/encore_1.jpg,12
encore,Source/encore.jpg,Hope/encore_2.jpg,12
encore,Source/encore.jpg,Hope/encore_3.jpg,12
evanescence,Source/evanescence.png,Expect/evanescence_1.jpg,7
evanescence,Source/evanescence.png,Expect/evanescence_2.jpg,7
evanescence,Source/evanescence.png,Hope/evanescence_1.jpg,7
evanescence,Source/evanescence.png,Hope/evanescence_2.jpg,7
evanescence,Source/evanescence.png,Hope/evanescence_3.jpg,7
fivefingerdeath,Source/fivefingerdeath.png,Expect/fivefingerdeath_1.jpg,29
fivefingerdeath,Source/fivefingerdeath.png,Expect/fivefingerdeath_2.jpg,29
fivefingerdeath,Source/fivefingerdeath.png,Hope/fivefingerdeath_1.jpg,29
fivefingerdeath,Source/fivefingerdeath.png,Hope/fivefingerdeath_2.jpg,29
fivefingerdeath,Source/fivefingerdeath.png,Hope/fivefingerdeath_3.jpg,29
Frozen,Source/Frozen.jpg,Expect/Frozen_1.jpg,16
Frozen,Source/Frozen.jpg,Expect/Frozen_2.jpg,16
Frozen,Source/Frozen.jpg,Hope/Frozen_1.jpg,16
Frozen,Source/Frozen.jpg,Hope/Frozen_2.jpg,16
Frozen,Source/Frozen.jpg,Hope/Frozen_3.jpg,16
funandfrolic,Source/funandfrolic.jpg,Expect/funandfrolic_1.jpg,8
funandfrolic,Source/funandfrolic.jpg,Expect/funandfrolic_2.jpg,8
funandfrolic,Source/funandfrolic.jpg,Hope/funandfrolic_1.jpg,8
funandfrolic,Source/funandfrolic.jpg,Hope/funandfrolic_2.jpg,8
funandfrolic,Source/funandfrolic.jpg,Hope/funandfrolic_3.jpg,8
gigli,Source/gigli.jpg,Expect/gigli_1.jpg,9
gigli,Source/gigli.jpg,Expect/gigli_2.jpg,9
gigli,Source/gigli.jpg,Hope/gigli_1.jpg,9
gigli,Source/gigli.jpg,Hope/gigli_2.jpg,9
gigli,Source/gigli.jpg,Hope/gigli_3.jpg,9
GraceVan,Source/GraceVan.jpg,Expect/GraceVan_1.jpg,4
GraceVan,Source/GraceVan.jpg,Expect/GraceVan_2.jpg,4
GraceVan,Source/GraceVan.jpg,Hope/GraceVan_1.jpg,4
GraceVan,Source/GraceVan.jpg,Hope/GraceVan_2.jpg,4
GraceVan,Source/GraceVan.jpg,Hope/GraceVan_3.jpg,4
greatcelloconcertos,Source/greatcelloconcertos.jpeg,Expect/greatcelloconcertos_1.jpg,14
greatcelloconcertos,Source/greatcelloconcertos.jpeg,Expect/greatcelloconcertos_2.jpg,14
greatcelloconcertos,Source/greatcelloconcertos.jpeg,Hope/greatcelloconcertos_1.jpg,14
greatcelloconcertos,Source/greatcelloconcertos.jpeg,Hope/greatcelloconcertos_2.jpg,14
greatcelloconcertos,Source/greatcelloconcertos.jpeg,Hope/greatcelloconcertos_3.jpg,14
gunsnroses,Source/gunsnroses.png,Expect/gunsnroses_1.jpg,6
gunsnroses,Source/gunsnroses.png,Expect/gunsnroses_2.jpg,6
gunsnroses,Source/gunsnroses.png,Hope/gunsnroses_1.jpg,6
gunsnroses,Source/gunsnroses.png,Hope/gunsnroses_2.jpg,6
gunsnroses,Source/gunsnroses.png,Hope/gunsnroses_3.jpg,6
gwenstefanichristmas,Source/gwenstefanichristmas.png,Expect/gwenstefanichristmas_1.jpg,70
gwenstefanichristmas,Source/gwenstefanichristmas.png,Expect/gwenstefanichristmas_2.jpg,70
gwenstefanichristmas,Source/gwenstefanichristmas.png,Hope/gwenstefanichristmas_1.jpg,70
gwenstefanichristmas,Source/gwenstefanichristmas.png,Hope/gwenstefanichristmas_2.jpg,70
gwenstefanichristmas,Source/gwenstefanichristmas.png,Hope/gwenstefanichristmas_3.jpg,70
heroines,Source/heroines.jpg,Expect/heroines_1.jpg,34
heroines,Source/heroines.jpg,Expect/heroines_2.jpg,34
heroines,Source/heroines.jpg,Hope/heroines_1.jpg,34
heroines,Source/heroines.jpg,Hope/heroines_2.jpg,34
heroines,Source/heroines.jpg,Hope/heroines_3.jpg,34
horowitzthelastrecording,Source/horowitzthelastrecording.jpeg,Expect/horowitzthelastrecording_1.jpg,10
horowitzthelastrecording,Source/horowitzthelastrecording.jpeg,Expect/horowitzthelastrecording_2.jpg,10
horowitzthelastrecording,Source/horowitzthelastrecording.jpeg,Hope/horowitzthelastrecording_1.jpg,10
horowitzthelastrecording,Source/horowitzthelastrecording.jpeg,Hope/horowitzthelastrecording_2.jpg,10
horowitzthelastrecording,Source/horowitzthelastrecording.jpeg,Hope/horowitzthelastrecording_3.jpg,10
ifyouloveme,Source/ifyouloveme.jpg,Expect/ifyouloveme_1.jpg,17
ifyouloveme,Source/ifyouloveme.jpg,Expect/ifyouloveme_2.jpg,17
ifyouloveme,Source/ifyouloveme.jpg,Hope/ifyouloveme_1.jpg,17
ifyouloveme,Source/ifyouloveme.jpg,Hope/ifyouloveme_2.jpg,17
ifyouloveme,Source/ifyouloveme.jpg,Hope/ifyouloveme_3.jpg,17
imaginedragons,Source/imaginedragons.png,Expect/imaginedragons_1.jpg,3
imaginedragons,Source/imaginedragons.png,Expect/imaginedragons_2.jpg,3
imaginedragons,Source/imaginedragons.png,Hope/imaginedragons_1.jpg,3
imaginedragons,Source/imaginedragons.png,Hope/imaginedragons_2.jpg,3
imaginedragons,Source/imaginedragons.png,Hope/imaginedragons_3.jpg,3
janesaddiction,Source/janesaddiction.png,Expect/janesaddiction_1.jpg,15
janesaddiction,Source/janesaddiction.png,Expect/janesaddiction_2.jpg,15
janesaddiction,Source/janesaddiction.png,Hope/janesaddiction_1.jpg,15
janesaddiction,Source/janesaddiction.png,Hope/janesaddiction_2.jpg,15
janesaddiction,Source/janesaddiction.png,Hope/janesaddiction_3.jpg,15
jcole,Source/jcole.png,Expect/jcole_1.jpg,4
jcole,Source/jcole.png,Expect/jcole_2.jpg,4
jcole,Source/jcole.png,Hope/jcole_1.jpg,4
jcole,Source/jcole.png,Hope/jcole_2.jpg,4
jcole,Source/jcole.png,Hope/jcole_3.jpg,4
jimihendrixcry,Source/jimihendrixcry.png,Expect/jimihendrixcry_1.jpg,0
jimihendrixcry,Source/jimihendrixcry.png,Expect/jimihendrixcry_2.jpg,0
jimihendrixcry,Source/jimihendrixcry.png,Hope/jimihendrixcry_1.jpg,0
jimihendrixcry,Source/jimihendrixcry.png,Hope/jimihendrixcry_2.jpg,0
jimihendrixcry,Source/jimihendrixcry.png,Hope/jimihendrixcry_3.jpg,0
jimihendrixexperienced,Source/jimihendrixexperienced.png,Expect/jimihendrixexperienced_1.jpg,7
jimihendrixexperienced,Source/jimihendrixexperienced.png,Expect/jimihendrixexperienced_2.jpg,7
jimihendrixexperienced,Source/jimihendrixexperienced.png,Hope/jimihendrixexperienced_1.jpg,7
jimihendrixexperienced,Source/jimihendrixexperienced.png,Hope/jimihendrixexperienced_2.jpg,7
jimihendrixexperienced,Source/jimihendrixexperienced.png,Hope/jimihendrixexperienced_3.jpg,7
jimihendrixmachine,Source/jimihendrixmachine.png,Expect/jimihendrixmachine_1.jpg,24
jimihendrixmachine,Source/jimihendrixmachine.png,Expect/jimihendrixmachine_2.jpg,24
jimihendrixmachine,Source/jimihendrixmachine.png,Hope/jimihendrixmachine_1.jpg,24
jimihendrixmachine,Source/jimihendrixmachine.png,Hope/jimihendrixmachine_2.jpg,24
jimihendrixmachine,Source/jimihendrixmachine.png,Hope/jimihendrixmachine_3.jpg,24
johnlegenddarkness,Source/johnlegenddarkness.png,Expect/johnlegenddarkness_1.jpg,5
johnlegenddarkness,Source/johnlegenddarkness.png,Expect/johnlegenddarkness_2.jpg,5
johnlegenddarkness,Source/johnlegenddarkness.png,Hope/johnlegenddarkness_1.jpg,5
johnlegenddarkness,Source/johnlegenddarkness.png,Hope/johnlegenddarkness_2.jpg,5
johnlegenddarkness,Source/johnlegenddarkness.png,Hope/johnlegenddarkness_3.jpg,5
johnlenonimagine,Source/johnlenonimagine.png,Expect/johnlenonimagine_1.jpg,3
johnlenonimagine,Source/johnlenonimagine.png,Expect/johnlenonimagine_2.jpg,3
johnlenonimagine,Source/johnlenonimagine.png,Hope/johnlenonimagine_1.jpg,3
johnlenonimagine,Source/johnlenonimagine.png,Hope/johnlenonimagine_2.jpg,3
johnlenonimagine,Source/johnlenonimagine.png,Hope/johnlenonimagine_3.jpg,3
juicyj,Source/juicyj.png,Expect/juicyj_1.jpg,4
juicyj,Source/juicyj.png,Expect/juicyj_2.jpg,4
juicyj,Source/juicyj.png,Hope/juicyj_1.jpg,4
juicyj,Source/juicyj.png,Hope/juicyj_2.jpg,4
juicyj,Source/juicyj.png,Hope/juicyj_3.jpg,4
jussibjoerling,Source/jussibjoerling.jpeg,Expect/jussibjoerling_1.jpg,7
jussibjoerling,Source/jussibjoerling.jpeg,Expect/jussibjoerling_2.jpg,7
jussibjoerling,Source/jussibjoerling.jpeg,Hope/jussibjoerling_1.jpg,7
jussibjoerling,Source/jussibjoerling.jpeg,Hope/jussibjoerling_2.jpg,7
jussibjoerling,Source/jussibjoerling.jpeg,Hope/jussibjoerling_3.jpg,7
justintimberlake,Source/justintimberlake.png,Expect/justintimberlake_1.jpg,6
justintimberlake,Source/justintimberlake.png,Expect/justintimberlake_2.jpg,6
justintimberlake,Source/justintimberlake.png,Hope/justintimberlake_1.jpg,6
justintimberlake,Source/justintimberlake.png,Hope/justintimberlake_2.jpg,6
justintimberlake,Source/justintimberlake.png,Hope/justintimberlake_3.jpg,6
kendricklamar,Source/kendricklamar.png,Expect/kendricklamar_1.jpg,14
kendricklamar,Source/kendricklamar.png,Expect/kendricklamar_2.jpg,14
kendricklamar,Source/kendricklamar.png,Hope/kendricklamar_1.jpg,14
kendricklamar,Source/kendricklamar.png,Hope/kendricklamar_2.jpg,14
kendricklamar,Source/kendricklamar.png,Hope/kendricklamar_3.jpg,14
kendricklamardamn,Source/kendricklamardamn.png,Expect/kendricklamardamn_1.jpg,5
kendricklamardamn,Source/kendricklamardamn.png,Expect/kendricklamardamn_2.jpg,5
kendricklamardamn,Source/kendricklamardamn.png,Hope/kendricklamardamn_1.jpg,5
kendricklamardamn,Source/kendricklamardamn.png,Hope/kendricklamardamn_2.jpg,5
kendricklamardamn,Source/kendricklamardamn.png,Hope/kendricklamardamn_3.jpg,5
kendricklamardamnred,Source/kendricklamardamnred.png,Expect/kendricklamardamnred_1.jpg,1
kendricklamardamnred,Source/kendricklamardamnred.png,Expect/kendricklamardamnred_2.jpg,1
kendricklamardamnred,Source/kendricklamardamnred.png,Hope/kendricklamardamnred_1.jpg,1
kendricklamardamnred,Source/kendricklamardamnred.png,Hope/kendricklamardamnred_2.jpg,1
kendricklamardamnred,Source/kendricklamardamnred.png,Hope/kendricklamardamnred_3.jpg,1
KidzBop35,Source/KidzBop35.jpg,Expect/KidzBop35_1.jpg,11
KidzBop35,Source/KidzBop35.jpg,Expect/KidzBop35_2.jpg,11
KidzBop35,Source/KidzBop35.jpg,Hope/KidzBop35_1.jpg,11
KidzBop35,Source/KidzBop35.jpg,Hope/KidzBop35_2.jpg,11
KidzBop35,Source/KidzBop35.jpg,Hope/KidzBop35_3.jpg,11
KidzBopGreatestHits,Source/KidzBopGreatestHits.jpg,Expect/KidzBopGreatestHits_1.jpg,13
KidzBopGreatestHits,Source/KidzBopGreatestHits.jpg,Expect/KidzBopGreatestHits_2.jpg,13
KidzBopGreatestHits,Source/KidzBopGreatestHits.jpg,Hope/KidzBopGreatestHits_1.jpg,13
KidzBopGreatestHits,Source/KidzBopGreatestHits.jpg,Hope/KidzBopGreatestHits_2.jpg,13
KidzBopGreatestHits,Source/KidzBopGreatestHits.jpg,Hope/KidzBopGreatestHits_3.jpg,13
kingsofleon,Source/kingsofleon.png,Expect/kingsofleon_1.jpg,7
kingsofleon,Source/kingsofleon.png,Expect/kingsofleon_2.jpg,7
kingsofleon,Source/kingsofleon.png,Hope/kingsofleon_1.jpg,7
kingsofleon,Source/kingsofleon.png,Hope/kingsofleon_2.jpg,7
kingsofleon,Source/kingsofleon.png,Hope/kingsofleon_3.jpg,7
kirkfranklin,Source/kirkfranklin.png,Expect/kirkfranklin_1.jpg,5
kirkfranklin,Source/kirkfranklin.png,Expect/kirkfranklin_2.jpg,5
kirkfranklin,Source/kirkfranklin.png,Hope/kirkfranklin_1.jpg,5
kirkfranklin,Source/kirkfranklin.png,Hope/kirkfranklin_2.jpg,5
kirkfranklin,Source/kirkfranklin.png,Hope/kirkfranklin_3.jpg,5
lemonade,Source/lemonade.png,Expect/lemonade_1.jpg,1
lemonade,Source/lemonade.png,Expect/lemonade_2.jpg,1
lemonade,Source/lemonade.png,Hope/lemonade_1.jpg,1
lemonade,Source/lemonade.png,Hope/lemonade_2.jpg,1
lemonade,Source/lemonade.png,Hope/lemonade_3.jpg,1
liszthungarianrhapsodies,Source/liszthungarianrhapsodies.jpeg,Expect/liszthungarianrhapsodies_1.jpg,10
liszthungarianrhapsodies,Source/liszthungarianrhapsodies.jpeg,Expect/liszthungarianrhapsodies_2.jpg,10
liszthungarianrhapsodies,Source/liszthungarianrhapsodies.jpeg,Hope/liszthungarianrhapsodies_1.jpg,10
liszthungarianrhapsodies,Source/liszthungarianrhapsodies.jpeg,Hope/liszthungarianrhapsodies_2.jpg,10
liszthungarianrhapsodies,Source/liszthungarianrhapsodies.jpeg,Hope/liszthungarianrhapsodies_3.jpg,10
LullapopLullabies,Source/LullapopLullabies.jpg,Expect/LullapopLullabies_1.jpg,9
LullapopLullabies,Source/LullapopLullabies.jpg,Expect/LullapopLullabies_2.jpg,9
LullapopLullabies,Source/LullapopLullabies.jpg,Hope/LullapopLullabies_1.jpg,9
LullapopLullabies,Source/LullapopLullabies.jpg,Hope/LullapopLullabies_2.jpg,9
LullapopLullabies,Source/LullapopLullabies.jpg,Hope/LullapopLullabies_3.jpg,9
macmiller,Source/macmiller.png,Expect/macmiller_1.jpg,4
macmiller,Source/macmiller.png,Expect/macmiller_2.jpg,4
macmiller,Source/macmiller.png,Hope/macmiller_1.jpg,4
macmiller,Source/macmiller.png,Hope/macmiller_2.jpg,4
macmiller,Source/macmiller.png,Hope/macmiller_3.jpg,4
meatloaf,Source/meatloaf.png,Expect/meatloaf_1.jpg,10
meatloaf,Source/meatloaf.png,Expect/meatloaf_2.jpg,10
meatloaf,Source/meatloaf.png,Hope/meatloaf_1.jpg,10
meatloaf,Source/meatloaf.png,Hope/meatloaf_2.jpg,10
meatloaf,Source/meatloaf.png,Hope/meatloaf_3.jpg,10
mgmt,Source/mgmt.png,Expect/mgmt_1.jpg,4
mgmt,Source/mgmt.png,Expect/mgmt_2.jpg,4
mgmt,Source/mgmt.png,Hope/mgmt_1.jpg,4
mgmt,Source/mgmt.png,Hope/mgmt_2.jpg,4
mgmt,Source/mgmt.png,Hope/mgmt_3.jpg,4
MickeyMouseClubhouse,Source/MickeyMouseClubhouse.jpg,Expect/MickeyMouseClubhouse_1.jpg,15
MickeyMouseClubhouse,Source/MickeyMouseClubhouse.jpg,Expect/MickeyMouseClubhouse_2.jpg,15
MickeyMouseClubhouse,Source/MickeyMouseClubhouse.jpg,Hope/MickeyMouseClubhouse_1.jpg,15
MickeyMouseClubhouse,Source/MickeyMouseClubhouse.jpg,Hope/MickeyMouseClubhouse_2.jpg,15
MickeyMouseClubhouse,Source/MickeyMouseClubhouse.jpg,Hope/MickeyMouseClubhouse_3.jpg,15
midoriliveatcarnegiehall,Source/midoriliveatcarnegiehall.jpg,Expect/midoriliveatcarnegiehall_1.jpg,16
midoriliveatcarnegiehall,Source/midoriliveatcarnegiehall.jpg,Expect/midoriliveatcarnegiehall_2.jpg,16
midoriliveatcarnegiehall,Source/midoriliveatcarnegiehall.jpg,Hope/midoriliveatcarnegiehall_1.jpg,16
midoriliveatcarnegiehall,Source/midoriliveatcarnegiehall.jpg,Hope/midoriliveatcarnegiehall_2.jpg,16
midoriliveatcarnegiehall,Source/midoriliveatcarnegiehall.jpg,Hope/midoriliveatcarnegiehall_3.jpg,16
migos,Source/migos.png,Expect/migos_1.jpg,6
migos,Source/migos.png,Expect/migos_2.jpg,6
migos,Source/migos.png,Hope/migos_1.jpg,6
migos,Source/migos.png,Hope/migos_2.jpg,6
migos,Source/migos.png,Hope/migos_3.jpg,6
migosculture,Source/migosculture.png,Expect/migosculture_1.jpg,5
migosculture,Source/migosculture.png,Expect/migosculture_2.jpg,5
migosculture,Source/migosculture.png,Hope/migosculture_1.jpg,5
migosculture,Source/migosculture.png,Hope/migosculture_2.jpg,5
migosculture,Source/migosculture.png,Hope/migosculture_3.jpg,5
miguel,Source/miguel.png,Expect/miguel_1.jpg,4
miguel,Source/miguel.png,Expect/miguel_2.jpg,4
miguel,Source/miguel.png,Hope/miguel_1.jpg,4
miguel,Source/miguel.png,Hope/miguel_2.jpg,4
miguel,Source/miguel.png,Hope/miguel_3.jpg,4
millennium,Source/millennium.jpg,Expect/millennium_1.jpg,1
millennium,Source/millennium.jpg,Expect/millennium_2.jpg,1
millennium,Source/millennium.jpg,Hope/millennium_1.jpg,1
millennium,Source/millennium.jpg,Hope/millennium_2.jpg,1
millennium,Source/millennium.jpg,Hope/millennium_3.jpg,1
mjessential ,Source/mjessential .png,Expect/mjessential _1.jpg,4
mjessential ,Source/mjessential .png,Expect/mjessential _2.jpg,4
mjessential ,Source/mjessential .png,Hope/mjessential _1.jpg,4
mjessential ,Source/mjessential .png,Hope/mjessential _2.jpg,4
mjessential ,Source/mjessential .png,Hope/mjessential _3.jpg,4
NowThatsWhatICallDisney,Source/NowThatsWhatICallDisney.jpg,Expect/NowThatsWhatICallDisney_1.jpg,14
NowThatsWhatICallDisney,Source/NowThatsWhatICallDisney.jpg,Expect/NowThatsWhatICallDisney_2.jpg,14
NowThatsWhatICallDisney,Source/NowThatsWhatICallDisney.jpg,Hope/NowThatsWhatICallDisney_1.jpg,14
NowThatsWhatICallDisney,Source/NowThatsWhatICallDisney.jpg,Hope/NowThatsWhatICallDisney_2.jpg,14
NowThatsWhatICallDisney,Source/NowThatsWhatICallDisney.jpg,Hope/NowThatsWhatICallDisney_3.jpg,14
NowThatsWhatICallDisney2,Source/NowThatsWhatICallDisney2.jpg,Expect/NowThatsWhatICallDisney2_1.jpg,13
NowThatsWhatICallDisney2,Source/NowThatsWhatICallDisney2.jpg,Expect/NowThatsWhatICallDisney2_2.jpg,13
NowThatsWhatICallDisney2,Source/NowThatsWhatICallDisney2.jpg,Hope/NowThatsWhatICallDisney2_1.jpg,13
NowThatsWhatICallDisney2,Source/NowThatsWhatICallDisney2.jpg,Hope/NowThatsWhatICallDisney2_2.jpg,13
NowThatsWhatICallDisney2,Source/NowThatsWhatICallDisney2.jpg,Hope/NowThatsWhatICallDisney2_3.jpg,13
NowThatsWhatICallDisney3,Source/NowThatsWhatICallDisney3.jpg,Expect/NowThatsWhatICallDisney3_1.jpg,13
NowThatsWhatICallDisney3,Source/NowThatsWhatICallDisney3.jpg,Expect/NowThatsWhatICallDisney3_2.jpg,13
NowThatsWhatICallDisney3,Source/NowThatsWhatICallDisney3.jpg,Hope/NowThatsWhatICallDisney3_1.jpg,13
NowThatsWhatICallDisney3,Source/NowThatsWhatICallDisney3.jpg,Hope/NowThatsWhatICallDisney3_2.jpg,13
NowThatsWhatICallDisney3,Source/NowThatsWhatICallDisney3.jpg,Hope/NowThatsWhatICallDisney3_3.jpg,13
NowThatsWhatICallDisneyJr,Source/NowThatsWhatICallDisneyJr.jpg,Expect/NowThatsWhatICallDisneyJr_1.jpg,8
NowThatsWhatICallDisneyJr,Source/NowThatsWhatICallDisneyJr.jpg,Expect/NowThatsWhatICallDisneyJr_2.jpg,8
NowThatsWhatICallDisneyJr,Source/NowThatsWhatICallDisneyJr.jpg,Hope/NowThatsWhatICallDisneyJr_1.jpg,8
NowThatsWhatICallDisneyJr,Source/NowThatsWhatICallDisneyJr.jpg,Hope/NowThatsWhatICallDisneyJr_2.jpg,8
NowThatsWhatICallDisneyJr,Source/NowThatsWhatICallDisneyJr.jpg,Hope/NowThatsWhatICallDisneyJr_3.jpg,8
NowThatsWhatICallDisneyPrincess,Source/NowThatsWhatICallDisneyPrincess.jpg,Expect/NowThatsWhatICallDisneyPrincess_1.jpg,9
NowThatsWhatICallDisneyPrincess,Source/NowThatsWhatICallDisneyPrincess.jpg,Expect/NowThatsWhatICallDisneyPrincess_2.jpg,9
NowThatsWhatICallDisneyPrincess,Source/NowThatsWhatICallDisneyPrincess.jpg,Hope/NowThatsWhatICallDisneyPrincess_1.jpg,9
NowThatsWhatICallDisneyPrincess,Source/NowThatsWhatICallDisneyPrincess.jpg,Hope/NowThatsWhatICallDisneyPrincess_2.jpg,9
NowThatsWhatICallDisneyPrincess,Source/NowThatsWhatICallDisneyPrincess.jpg,Hope/NowThatsWhatICallDisneyPrincess_3.jpg,9
NurseryRhymesDisneyJr,Source/NurseryRhymesDisneyJr.jpg,Expect/NurseryRhymesDisneyJr_1.jpg,7
NurseryRhymesDisneyJr,Source/NurseryRhymesDisneyJr.jpg,Expect/NurseryRhymesDisneyJr_2.jpg,7
NurseryRhymesDisneyJr,Source/NurseryRhymesDisneyJr.jpg,Hope/NurseryRhymesDisneyJr_1.jpg,7
NurseryRhymesDisneyJr,Source/NurseryRhymesDisneyJr.jpg,Hope/NurseryRhymesDisneyJr_2.jpg,7
NurseryRhymesDisneyJr,Source/NurseryRhymesDisneyJr.jpg,Hope/NurseryRhymesDisneyJr_3.jpg,7
OlafsFrozen,Source/OlafsFrozen.jpg,Expect/OlafsFrozen_1.jpg,22
OlafsFrozen,Source/OlafsFrozen.jpg,Expect/OlafsFrozen_2.jpg,22
OlafsFrozen,Source/OlafsFrozen.jpg,Hope/OlafsFrozen_1.jpg,22
OlafsFrozen,Source/OlafsFrozen.jpg,Hope/OlafsFrozen_2.jpg,22
OlafsFrozen,Source/OlafsFrozen.jpg,Hope/OlafsFrozen_3.jpg,22
oopsididitagain,Source/oopsididitagain.jpeg,Expect/oopsididitagain_1.jpg,7
oopsididitagain,Source/oopsididitagain.jpeg,Expect/oopsididitagain_2.jpg,7
oopsididitagain,Source/oopsididitagain.jpeg,Hope/oopsididitagain_1.jpg,7
oopsididitagain,Source/oopsididitagain.jpeg,Hope/oopsididitagain_2.jpg,7
oopsididitagain,Source/oopsididitagain.jpeg,Hope/oopsididitagain_3.jpg,7
pagnini,Source/pagnini.jpg,Expect/pagnini_1.jpg,19
pagnini,Source/pagnini.jpg,Expect/pagnini_2.jpg,19
pagnini,Source/pagnini.jpg,Hope/pagnini_1.jpg,19
pagnini,Source/pagnini.jpg,Hope/pagnini_2.jpg,19
pagnini,Source/pagnini.jpg,Hope/pagnini_3.jpg,19
phantomoftheopera,Source/phantomoftheopera.jpeg,Expect/phantomoftheopera_1.jpg,18
phantomoftheopera,Source/phantomoftheopera.jpeg,Expect/phantomoftheopera_2.jpg,18
phantomoftheopera,Source/phantomoftheopera.jpeg,Hope/phantomoftheopera_1.jpg,18
phantomoftheopera,Source/phantomoftheopera.jpeg,Hope/phantomoftheopera_2.jpg,18
phantomoftheopera,Source/phantomoftheopera.jpeg,Hope/phantomoftheopera_3.jpg,18
pinkfloydatom,Source/pinkfloydatom.jpg,Expect/pinkfloydatom_1.jpg,0
pinkfloydatom,Source/pinkfloydatom.jpg,Expect/pinkfloydatom_2.jpg,0
pinkfloydatom,Source/pinkfloydatom.jpg,Hope/pinkfloydatom_1.jpg,0
pinkfloydatom,Source/pinkfloydatom.jpg,Hope/pinkfloydatom_2.jpg,0
pinkfloydatom,Source/pinkfloydatom.jpg,Hope/pinkfloydatom_3.jpg,0
pinkfloydfinal,Source/pinkfloydfinal.png,Expect/pinkfloydfinal_1.jpg,5
pinkfloydfinal,Source/pinkfloydfinal.png,Expect/pinkfloydfinal_2.jpg,5
pinkfloydfinal,Source/pinkfloydfinal.png,Hope/pinkfloydfinal_1.jpg,5
pinkfloydfinal,Source/pinkfloydfinal.png,Hope/pinkfloydfinal_2.jpg,5
pinkfloydfinal,Source/pinkfloydfinal.png,Hope/pinkfloydfinal_3.jpg,5
pinkfloydriver,Source/pinkfloydriver.png,Expect/pinkfloydriver_1.jpg,0
pinkfloydriver,Source/pinkfloydriver.png,Expect/pinkfloydriver_2.jpg,0
pinkfloydriver,Source/pinkfloydriver.png,Hope/pinkfloydriver_1.jpg,0
pinkfloydriver,Source/pinkfloydriver.png,Hope/pinkfloydriver_2.jpg,0
pinkfloydriver,Source/pinkfloydriver.png,Hope/pinkfloydriver_3.jpg,0
postmalone,Source/postmalone.png,Expect/postmalone_1.jpg,162
postmalone,Source/postmalone.png,Expect/postmalone_2.jpg,162
postmalone,Source/postmalone.png,Hope/postmalone_1.jpg,162
postmalone,Source/postmalone.png,Hope/postmalone_2.jpg,162
postmalone,Source/postmalone.png,Hope/postmalone_3.jpg,162
PrincessPop,Source/PrincessPop.jpg,Expect/PrincessPop_1.jpg,5
PrincessPop,Source/PrincessPop.jpg,Expect/PrincessPop_2.jpg,5
PrincessPop,Source/PrincessPop.jpg,Hope/PrincessPop_1.jpg,5
PrincessPop,Source/PrincessPop.jpg,Hope/PrincessPop_2.jpg,5
PrincessPop,Source/PrincessPop.jpg,Hope/PrincessPop_3.jpg,5
RaffiDog,Source/RaffiDog.jpg,Expect/RaffiDog_1.jpg,5
RaffiDog,Source/RaffiDog.jpg,Expect/RaffiDog_2.jpg,5
RaffiDog,Source/RaffiDog.jpg,Hope/RaffiDog_1.jpg,5
RaffiDog,Source/RaffiDog.jpg,Hope/RaffiDog_2.jpg,5
RaffiDog,Source/RaffiDog.jpg,Hope/RaffiDog_3.jpg,5
rickandmorty,Source/rickandmorty.png,Expect/rickandmorty_1.jpg,3
rickandmorty,Source/rickandmorty.png,Expect/rickandmorty_2.jpg,3
rickandmorty,Source/rickandmorty.png,Hope/rickandmorty_1.jpg,3
rickandmorty,Source/rickandmorty.png,Hope/rickandmorty_2.jpg,3
rickandmorty,Source/rickandmorty.png,Hope/rickandmorty_3.jpg,3
rollingstoneshavana,Source/rollingstoneshavana.png,Expect/rollingstoneshavana_1.jpg,5
rollingstoneshavana,Source/rollingstoneshavana.png,Expect/rollingstoneshavana_2.jpg,5
rollingstoneshavana,Source/rollingstoneshavana.png,Hope/rollingstoneshavana_1.jpg,5
rollingstoneshavana,Source/rollingstoneshavana.png,Hope/rollingstoneshavana_2.jpg,5
rollingstoneshavana,Source/rollingstoneshavana.png,Hope/rollingstoneshavana_3.jpg,5
rossini,Source/rossini.jpg,Expect/rossini_1.jpg,22
rossini,Source/rossini.jpg,Expect/rossini_2.jpg,22
rossini,Source/rossini.jpg,Hope/rossini_1.jpg,22
rossini,Source/rossini.jpg,Hope/rossini_2.jpg,22
rossini,Source/rossini.jpg,Hope/rossini_3.jpg,22
secretgarden,Source/secretgarden.jpg,Expect/secretgarden_1.jpg,8
secretgarden,Source/secretgarden.jpg,Expect/secretgarden_2.jpg,8
secretgarden,Source/secretgarden.jpg,Hope/secretgarden_1.jpg,8
secretgarden,Source/secretgarden.jpg,Hope/secretgarden_2.jpg,8
secretgarden,Source/secretgarden.jpg,Hope/secretgarden_3.jpg,8
selena,Source/selena.jpg,Expect/selena_1.jpg,7
selena,Source/selena.jpg,Expect/selena_2.jpg,7
selena,Source/selena.jpg,Hope/selena_1.jpg,7
selena,Source/selena.jpg,Hope/selena_2.jpg,7
selena,Source/selena.jpg,Hope/selena_3.jpg,7
Sing,Source/Sing.jpg,Expect/Sing_1.jpg,9
Sing,Source/Sing.jpg,Expect/Sing_2.jpg,9
Sing,Source/Sing.jpg,Hope/Sing_1.jpg,9
Sing,Source/Sing.jpg,Hope/Sing_2.jpg,9
Sing,Source/Sing.jpg,Hope/Sing_3.jpg,9
soulmarv,Source/soulmarv.png,Expect/soulmarv_1.jpg,5
soulmarv,Source/soulmarv.png,Expect/soulmarv_2.jpg,5
soulmarv,Source/soulmarv.png,Hope/soulmarv_1.jpg,5
soulmarv,Source/soulmarv.png,Hope/soulmarv_2.jpg,5
soulmarv,Source/soulmarv.png,Hope/soulmarv_3.jpg,5
SplashAndBubbles,Source/SplashAndBubbles.jpg,Expect/SplashAndBubbles_1.jpg,15
SplashAndBubbles,Source/SplashAndBubbles.jpg,Expect/SplashAndBubbles_2.jpg,15
SplashAndBubbles,Source/SplashAndBubbles.jpg,Hope/SplashAndBubbles_1.jpg,15
SplashAndBubbles,Source/SplashAndBubbles.jpg,Hope/SplashAndBubbles_2.jpg,15
SplashAndBubbles,Source/SplashAndBubbles.jpg,Hope/SplashAndBubbles_3.jpg,15
stevevai,Source/stevevai.png,Expect/stevevai_1.jpg,4
stevevai,Source/stevevai.png,Expect/stevevai_2.jpg,4
stevevai,Source/stevevai.png,Hope/stevevai_1.jpg,4
stevevai,Source/stevevai.png,Hope/stevevai_2.jpg,4
stevevai,Source/stevevai.png,Hope/stevevai_3.jpg,4
Sweetner,Source/Sweetner.jpg,Expect/Sweetner_1.jpg,5
Sweetner,Source/Sweetner.jpg,Expect/Sweetner_2.jpg,5
Sweetner,Source/Sweetner.jpg,Hope/Sweetner_1.jpg,5
Sweetner,Source/Sweetner.jpg,Hope/Sweetner_2.jpg,5
Sweetner,Source/Sweetner.jpg,Hope/Sweetner_3.jpg,5
tajmahal,Source/tajmahal.png,Expect/tajmahal_1.jpg,12
tajmahal,Source/tajmahal.png,Expect/tajmahal_2.jpg,12
tajmahal,Source/tajmahal.png,Hope/tajmahal_1.jpg,12
tajmahal,Source/tajmahal.png,Hope/tajmahal_2.jpg,12
tajmahal,Source/tajmahal.png,Hope/tajmahal_3.jpg,12
tearsforfears,Source/tearsforfears.png,Expect/tearsforfears_1.jpg,6
tearsforfears,Source/tearsforfears.png,Expect/tearsforfears_2.jpg,6
tearsforfears,Source/tearsforfears.png,Hope/tearsforfears_1.jpg,6
tearsforfears,Source/tearsforfears.png,Hope/tearsforfears_2.jpg,6
tearsforfears,Source/tearsforfears.png,Hope/tearsforfears_3.jpg,6
thecommodores,Source/thecommodores.png,Expect/thecommodores_1.jpg,11
thecommodores,Source/thecommodores.png,Expect/thecommodores_2.jpg,11
thecommodores,Source/thecommodores.png,Hope/thecommodores_1.jpg,11
thecommodores,Source/thecommodores.png,Hope/thecommodores_2.jpg,11
thecommodores,Source/thecommodores.png,Hope/thecommodores_3.jpg,11
threedaysgrace,Source/threedaysgrace.png,Expect/threedaysgrace_1.jpg,0
threedaysgrace,Source/threedaysgrace.png,Expect/threedaysgrace_2.jpg,0
threedaysgrace,Source/threedaysgrace.png,Hope/threedaysgrace_1.jpg,0
threedaysgrace,Source/threedaysgrace.png,Hope/threedaysgrace_2.jpg,0
threedaysgrace,Source/threedaysgrace.png,Hope/threedaysgrace_3.jpg,0
ToddlersFav,Source/ToddlersFav.jpg,Expect/ToddlersFav_1.jpg,68
ToddlersFav,Source/ToddlersFav.jpg,Expect/ToddlersFav_2.jpg,68
ToddlersFav,Source/ToddlersFav.jpg,Hope/ToddlersFav_1.jpg,68
ToddlersFav,Source/ToddlersFav.jpg,Hope/ToddlersFav_2.jpg,68
ToddlersFav,Source/ToddlersFav.jpg,Hope/ToddlersFav_3.jpg,68
trench,Source/trench.png,Expect/trench_1.jpg,43
trench,Source/trench.png,Expect/trench_2.jpg,43
trench,Source/trench.png,Hope/trench_1.jpg,43
trench,Source/trench.png,Hope/trench_2.jpg,43
trench,Source/trench.png,Hope/trench_3.jpg,43
Trolls,Source/Trolls.jpg,Expect/Trolls_1.jpg,6
Trolls,Source/Trolls.jpg,Expect/Trolls_2.jpg,6
Trolls,Source/Trolls.jpg,Hope/Trolls_1.jpg,6
Trolls,Source/Trolls.jpg,Hope/Trolls_2.jpg,6
Trolls,Source/Trolls.jpg,Hope/Trolls_3.jpg,6
troysivan,Source/troysivan.png,Expect/troysivan_1.jpg,0
troysivan,Source/troysivan.png,Expect/troysivan_2.jpg,0
troysivan,Source/troysivan.png,Hope/troysivan_1.jpg,0
troysivan,Source/troysivan.png,Hope/troysivan_2.jpg,0
troysivan,Source/troysivan.png,Hope/troysivan_3.jpg,0
wegotitfromhere,Source/wegotitfromhere.png,Expect/wegotitfromhere_1.jpg,18
wegotitfromhere,Source/wegotitfromhere.png,Expect/wegotitfromhere_2.jpg,18
wegotitfromhere,Source/wegotitfromhere.png,Hope/wegotitfromhere_1.jpg,18
wegotitfromhere,Source/wegotitfromhere.png,Hope/wegotitfromhere_2.jpg,18
wegotitfromhere,Source/wegotitfromhere.png,Hope/wegotitfromhere_3.jpg,18
whitneyhouston,Source/whitneyhouston.png,Expect/whitneyhouston_1.jpg,6
whitneyhouston,Source/whitneyhouston.png,Expect/whitneyhouston_2.jpg,6
whitneyhouston,Source/whitneyhouston.png,Hope/whitneyhouston_1.jpg,6
whitneyhouston,Source/whitneyhouston.png,Hope/whitneyhouston_2.jpg,6
whitneyhouston,Source/whitneyhouston.png,Hope/whitneyhouston_3.jpg,6
wutang,Source/wutang.png,Expect/wutang_1.jpg,17
wutang,Source/wutang.png,Expect/wutang_2.jpg,17
wutang,Source/wutang.png,Hope/wutang_1.jpg,17
wutang,Source/wutang.png,Hope/wutang_2.jpg,17
wutang,Source/wutang.png,Hope/wutang_3.jpg,17
yogotti,Source/yogotti.png,Expect/yogotti_1.jpg,4
yogotti,Source/yogotti.png,Expect/yogotti_2.jpg,4
yogotti,Source/yogotti.png,Hope/yogotti_1.jpg,4
yogotti,Source/yogotti.png,Hope/yogotti_2.jpg,4
yogotti,Source/yogotti.png,Hope/yogotti_3.jpg,4